"–û—Ç–º–µ—Ç–∫–∞ –≤—Ä–µ–º–µ–Ω–∏","–í—Å–µ–≥–æ –±–∞–ª–ª–æ–≤","–°–∫–æ–ª—å–∫–æ —Å—É—â–µ—Å—Ç–≤—É–µ—Ç –≤–µ—Ç–≤–µ–π –≤–ª–∞—Å—Ç–∏? (–Ω–∞–ø–∏—à–∏—Ç–µ —Ç–æ–ª—å–∫–æ —Ü–∏—Ñ—Ä—É)","–°–∫–æ–ª—å–∫–æ —Å—É—â–µ—Å—Ç–≤—É–µ—Ç –≤–µ—Ç–≤–µ–π –≤–ª–∞—Å—Ç–∏? (–Ω–∞–ø–∏—à–∏—Ç–µ —Ç–æ–ª—å–∫–æ —Ü–∏—Ñ—Ä—É) [–ö–æ–ª–∏—á–µ—Å—Ç–≤–æ –±–∞–ª–ª–æ–≤]","–°–∫–æ–ª—å–∫–æ —Å—É—â–µ—Å—Ç–≤—É–µ—Ç –≤–µ—Ç–≤–µ–π –≤–ª–∞—Å—Ç–∏? (–Ω–∞–ø–∏—à–∏—Ç–µ —Ç–æ–ª—å–∫–æ —Ü–∏—Ñ—Ä—É) [–û—Ç–∑—ã–≤]","–û—Ç–º–µ—Ç—å—Ç–µ –∏–∑ —Å–ø–∏—Å–∫–∞ —ç—Ç–∏ –≤–µ—Ç–≤–∏ –≤–ª–∞—Å—Ç–∏ ","–û—Ç–º–µ—Ç—å—Ç–µ –∏–∑ —Å–ø–∏—Å–∫–∞ —ç—Ç–∏ –≤–µ—Ç–≤–∏ –≤–ª–∞—Å—Ç–∏  [–ö–æ–ª–∏—á–µ—Å—Ç–≤–æ –±–∞–ª–ª–æ–≤]","–û—Ç–º–µ—Ç—å—Ç–µ –∏–∑ —Å–ø–∏—Å–∫–∞ —ç—Ç–∏ –≤–µ—Ç–≤–∏ –≤–ª–∞—Å—Ç–∏  [–û—Ç–∑—ã–≤]","–°–∫–æ–ª—å–∫–æ –¥–ª–∏—Ç—Å—è –ø—Ä–µ–∑–∏–¥–µ–Ω—Ç—Å–∫–∏–π —Å—Ä–æ–∫? (–Ω–∞–ø–∏—à–∏—Ç–µ —Ç–æ–ª—å–∫–æ —Ü–∏—Ñ—Ä—É)","–°–∫–æ–ª—å–∫–æ –¥–ª–∏—Ç—Å—è –ø—Ä–µ–∑–∏–¥–µ–Ω—Ç—Å–∫–∏–π —Å—Ä–æ–∫? (–Ω–∞–ø–∏—à–∏—Ç–µ —Ç–æ–ª—å–∫–æ —Ü–∏—Ñ—Ä—É) [–ö–æ–ª–∏—á–µ—Å—Ç–≤–æ –±–∞–ª–ª–æ–≤]","–°–∫–æ–ª—å–∫–æ –¥–ª–∏—Ç—Å—è –ø—Ä–µ–∑–∏–¥–µ–Ω—Ç—Å–∫–∏–π —Å—Ä–æ–∫? (–Ω–∞–ø–∏—à–∏—Ç–µ —Ç–æ–ª—å–∫–æ —Ü–∏—Ñ—Ä—É) [–û—Ç–∑—ã–≤]","–ò–∑ –∫–∞–∫–∏—Ö –ø–∞–ª–∞—Ç —Å–æ—Å—Ç–æ–∏—Ç –ü–∞—Ä–ª–∞–º–µ–Ω—Ç? (–≤—ã–±–µ—Ä–∏—Ç–µ –Ω–µ—Å–∫–æ–ª—å–∫–æ)","–ò–∑ –∫–∞–∫–∏—Ö –ø–∞–ª–∞—Ç —Å–æ—Å—Ç–æ–∏—Ç –ü–∞—Ä–ª–∞–º–µ–Ω—Ç? (–≤—ã–±–µ—Ä–∏—Ç–µ –Ω–µ—Å–∫–æ–ª—å–∫–æ) [–ö–æ–ª–∏—á–µ—Å—Ç–≤–æ –±–∞–ª–ª–æ–≤]","–ò–∑ –∫–∞–∫–∏—Ö –ø–∞–ª–∞—Ç —Å–æ—Å—Ç–æ–∏—Ç –ü–∞—Ä–ª–∞–º–µ–Ω—Ç? (–≤—ã–±–µ—Ä–∏—Ç–µ –Ω–µ—Å–∫–æ–ª—å–∫–æ) [–û—Ç–∑—ã–≤]","–î–µ–π—Å—Ç–≤—É—é—â–∏–π –ø—Ä–µ–º—å–µ—Ä-–º–∏–Ω–∏—Å—Ç—Ä –†–ö","–î–µ–π—Å—Ç–≤—É—é—â–∏–π –ø—Ä–µ–º—å–µ—Ä-–º–∏–Ω–∏—Å—Ç—Ä –†–ö [–ö–æ–ª–∏—á–µ—Å—Ç–≤–æ –±–∞–ª–ª–æ–≤]","–î–µ–π—Å—Ç–≤—É—é—â–∏–π –ø—Ä–µ–º—å–µ—Ä-–º–∏–Ω–∏—Å—Ç—Ä –†–ö [–û—Ç–∑—ã–≤]","–≠–∫–æ–Ω–æ–º–∏—á–µ—Å–∫–∞—è —Å–∏—Å—Ç–µ–º–∞ –†–ö","–≠–∫–æ–Ω–æ–º–∏—á–µ—Å–∫–∞—è —Å–∏—Å—Ç–µ–º–∞ –†–ö [–ö–æ–ª–∏—á–µ—Å—Ç–≤–æ –±–∞–ª–ª–æ–≤]","–≠–∫–æ–Ω–æ–º–∏—á–µ—Å–∫–∞—è —Å–∏—Å—Ç–µ–º–∞ –†–ö [–û—Ç–∑—ã–≤]","–Ø–≤–ª—è–µ—Ç—Å—è –ª–∏ –†–ö —Å–≤–µ—Ç—Å–∫–∏–º –≥–æ—Å—É–¥–∞—Ä—Å—Ç–≤–æ–º?","–Ø–≤–ª—è–µ—Ç—Å—è –ª–∏ –†–ö —Å–≤–µ—Ç—Å–∫–∏–º –≥–æ—Å—É–¥–∞—Ä—Å—Ç–≤–æ–º? [–ö–æ–ª–∏—á–µ—Å—Ç–≤–æ –±–∞–ª–ª–æ–≤]","–Ø–≤–ª—è–µ—Ç—Å—è –ª–∏ –†–ö —Å–≤–µ—Ç—Å–∫–∏–º –≥–æ—Å—É–¥–∞—Ä—Å—Ç–≤–æ–º? [–û—Ç–∑—ã–≤]","–°–∫–æ–ª—å–∫–æ —Å—Ä–æ–∫–æ–≤ –ø–æ–¥—Ä—è–¥ –º–æ–∂–Ω–æ –∏–∑–±–∏—Ä–∞—Ç—å—Å—è –ø—Ä–µ–∑–∏–¥–µ–Ω—Ç–æ–º? (–Ω–∞–ø–∏—à–∏—Ç–µ —Ç–æ–ª—å–∫–æ —Ü–∏—Ñ—Ä—É)","–°–∫–æ–ª—å–∫–æ —Å—Ä–æ–∫–æ–≤ –ø–æ–¥—Ä—è–¥ –º–æ–∂–Ω–æ –∏–∑–±–∏—Ä–∞—Ç—å—Å—è –ø—Ä–µ–∑–∏–¥–µ–Ω—Ç–æ–º? (–Ω–∞–ø–∏—à–∏—Ç–µ —Ç–æ–ª—å–∫–æ —Ü–∏—Ñ—Ä—É) [–ö–æ–ª–∏—á–µ—Å—Ç–≤–æ –±–∞–ª–ª–æ–≤]","–°–∫–æ–ª—å–∫–æ —Å—Ä–æ–∫–æ–≤ –ø–æ–¥—Ä—è–¥ –º–æ–∂–Ω–æ –∏–∑–±–∏—Ä–∞—Ç—å—Å—è –ø—Ä–µ–∑–∏–¥–µ–Ω—Ç–æ–º? (–Ω–∞–ø–∏—à–∏—Ç–µ —Ç–æ–ª—å–∫–æ —Ü–∏—Ñ—Ä—É) [–û—Ç–∑—ã–≤]","–í—ã–±–µ—Ä–∏—Ç–µ –≥–æ—Å—É–¥–∞—Ä—Å—Ç–≤–µ–Ω–Ω—ã–µ —Å–∏–º–≤–æ–ª—ã","–í—ã–±–µ—Ä–∏—Ç–µ –≥–æ—Å—É–¥–∞—Ä—Å—Ç–≤–µ–Ω–Ω—ã–µ —Å–∏–º–≤–æ–ª—ã [–ö–æ–ª–∏—á–µ—Å—Ç–≤–æ –±–∞–ª–ª–æ–≤]","–í—ã–±–µ—Ä–∏—Ç–µ –≥–æ—Å—É–¥–∞—Ä—Å—Ç–≤–µ–Ω–Ω—ã–µ —Å–∏–º–≤–æ–ª—ã [–û—Ç–∑—ã–≤]","–ú–æ–∂–µ—Ç –ª–∏ –ü—Ä–µ–∑–∏–¥–µ–Ω—Ç –±—ã—Ç—å –¥–æ—Å—Ä–æ—á–Ω–æ –æ—Å–≤–æ–±–æ–∂–¥–µ–Ω –æ—Ç –¥–æ–ª–∂–Ω–æ—Å—Ç–∏ —Ä–µ—à–µ–Ω–∏–µ–º –ü–∞—Ä–ª–∞–º–µ–Ω—Ç–∞?","–ú–æ–∂–µ—Ç –ª–∏ –ü—Ä–µ–∑–∏–¥–µ–Ω—Ç –±—ã—Ç—å –¥–æ—Å—Ä–æ—á–Ω–æ –æ—Å–≤–æ–±–æ–∂–¥–µ–Ω –æ—Ç –¥–æ–ª–∂–Ω–æ—Å—Ç–∏ —Ä–µ—à–µ–Ω–∏–µ–º –ü–∞—Ä–ª–∞–º–µ–Ω—Ç–∞? [–ö–æ–ª–∏—á–µ—Å—Ç–≤–æ –±–∞–ª–ª–æ–≤]","–ú–æ–∂–µ—Ç –ª–∏ –ü—Ä–µ–∑–∏–¥–µ–Ω—Ç –±—ã—Ç—å –¥–æ—Å—Ä–æ—á–Ω–æ –æ—Å–≤–æ–±–æ–∂–¥–µ–Ω –æ—Ç –¥–æ–ª–∂–Ω–æ—Å—Ç–∏ —Ä–µ—à–µ–Ω–∏–µ–º –ü–∞—Ä–ª–∞–º–µ–Ω—Ç–∞? [–û—Ç–∑—ã–≤]","–ö–∞–∫ –Ω–∞–∑—ã–≤–∞–µ—Ç—Å—è –ø—Ä–æ—Ü–µ–¥—É—Ä–∞ –æ—Ç—Å—Ç—Ä–∞–Ω–µ–Ω–∏—è –ø—Ä–µ–∑–∏–¥–µ–Ω—Ç–∞ –æ—Ç –¥–æ–ª–∂–Ω–æ—Å—Ç–∏?","–ö–∞–∫ –Ω–∞–∑—ã–≤–∞–µ—Ç—Å—è –ø—Ä–æ—Ü–µ–¥—É—Ä–∞ –æ—Ç—Å—Ç—Ä–∞–Ω–µ–Ω–∏—è –ø—Ä–µ–∑–∏–¥–µ–Ω—Ç–∞ –æ—Ç –¥–æ–ª–∂–Ω–æ—Å—Ç–∏? [–ö–æ–ª–∏—á–µ—Å—Ç–≤–æ –±–∞–ª–ª–æ–≤]","–ö–∞–∫ –Ω–∞–∑—ã–≤–∞–µ—Ç—Å—è –ø—Ä–æ—Ü–µ–¥—É—Ä–∞ –æ—Ç—Å—Ç—Ä–∞–Ω–µ–Ω–∏—è –ø—Ä–µ–∑–∏–¥–µ–Ω—Ç–∞ –æ—Ç –¥–æ–ª–∂–Ω–æ—Å—Ç–∏? [–û—Ç–∑—ã–≤]","–ó–Ω–∞–µ—Ç–µ –ª–∏ –≤—ã –∏–º—è –∞–∫–∏–º–∞ –≤–∞—à–µ–≥–æ –Ω–∞—Å–µ–ª–µ–Ω–Ω–æ–≥–æ –ø—É–Ω–∫—Ç–∞?","–ó–Ω–∞–µ—Ç–µ –ª–∏ –≤—ã –∏–º—è –∞–∫–∏–º–∞ –≤–∞—à–µ–≥–æ –Ω–∞—Å–µ–ª–µ–Ω–Ω–æ–≥–æ –ø—É–Ω–∫—Ç–∞? [–ö–æ–ª–∏—á–µ—Å—Ç–≤–æ –±–∞–ª–ª–æ–≤]","–ó–Ω–∞–µ—Ç–µ –ª–∏ –≤—ã –∏–º—è –∞–∫–∏–º–∞ –≤–∞—à–µ–≥–æ –Ω–∞—Å–µ–ª–µ–Ω–Ω–æ–≥–æ –ø—É–Ω–∫—Ç–∞? [–û—Ç–∑—ã–≤]","–í–∞—à GPA –∑–∞ –ø–µ—Ä–≤—ã–π —Å–µ–º–µ—Å—Ç—Ä –ø–µ—Ä–≤–æ–≥–æ –∫—É—Ä—Å–∞ (–∏—Å–ø–æ–ª—å–∑—É–π—Ç–µ —Ç–æ—á–∫—É –≤ –∫–∞—á–µ—Å—Ç–≤–µ —Ä–∞–∑–¥–µ–ª–∏—Ç–µ–ª—è, –ø—Ä–∏–º–µ—Ä 3.0)","–í–∞—à GPA –∑–∞ –ø–µ—Ä–≤—ã–π —Å–µ–º–µ—Å—Ç—Ä –ø–µ—Ä–≤–æ–≥–æ –∫—É—Ä—Å–∞ (–∏—Å–ø–æ–ª—å–∑—É–π—Ç–µ —Ç–æ—á–∫—É –≤ –∫–∞—á–µ—Å—Ç–≤–µ —Ä–∞–∑–¥–µ–ª–∏—Ç–µ–ª—è, –ø—Ä–∏–º–µ—Ä 3.0) [–ö–æ–ª–∏—á–µ—Å—Ç–≤–æ –±–∞–ª–ª–æ–≤]","–í–∞—à GPA –∑–∞ –ø–µ—Ä–≤—ã–π —Å–µ–º–µ—Å—Ç—Ä –ø–µ—Ä–≤–æ–≥–æ –∫—É—Ä—Å–∞ (–∏—Å–ø–æ–ª—å–∑—É–π—Ç–µ —Ç–æ—á–∫—É –≤ –∫–∞—á–µ—Å—Ç–≤–µ —Ä–∞–∑–¥–µ–ª–∏—Ç–µ–ª—è, –ø—Ä–∏–º–µ—Ä 3.0) [–û—Ç–∑—ã–≤]","–ü–æ–ª","–ü–æ–ª [–ö–æ–ª–∏—á–µ—Å—Ç–≤–æ –±–∞–ª–ª–æ–≤]","–ü–æ–ª [–û—Ç–∑—ã–≤]","–í–æ–∑—Ä–∞—Å—Ç","–í–æ–∑—Ä–∞—Å—Ç [–ö–æ–ª–∏—á–µ—Å—Ç–≤–æ –±–∞–ª–ª–æ–≤]","–í–æ–∑—Ä–∞—Å—Ç [–û—Ç–∑—ã–≤]","–ì–¥–µ –≤—ã –ø—Ä–æ–∂–∏–≤–∞–ª–∏ –Ω–∞ –º–æ–º–µ–Ω—Ç —É—á–µ–±—ã –≤ —à–∫–æ–ª–µ?","–ì–¥–µ –≤—ã –ø—Ä–æ–∂–∏–≤–∞–ª–∏ –Ω–∞ –º–æ–º–µ–Ω—Ç —É—á–µ–±—ã –≤ —à–∫–æ–ª–µ? [–ö–æ–ª–∏—á–µ—Å—Ç–≤–æ –±–∞–ª–ª–æ–≤]","–ì–¥–µ –≤—ã –ø—Ä–æ–∂–∏–≤–∞–ª–∏ –Ω–∞ –º–æ–º–µ–Ω—Ç —É—á–µ–±—ã –≤ —à–∫–æ–ª–µ? [–û—Ç–∑—ã–≤]","–Ø–∑—ã–∫ –æ–±—É—á–µ–Ω–∏—è –≤ –≤–∞—à–µ–º –∫–ª–∞—Å—Å–µ","–Ø–∑—ã–∫ –æ–±—É—á–µ–Ω–∏—è –≤ –≤–∞—à–µ–º –∫–ª–∞—Å—Å–µ [–ö–æ–ª–∏—á–µ—Å—Ç–≤–æ –±–∞–ª–ª–æ–≤]","–Ø–∑—ã–∫ –æ–±—É—á–µ–Ω–∏—è –≤ –≤–∞—à–µ–º –∫–ª–∞—Å—Å–µ [–û—Ç–∑—ã–≤]","–ß–∞—Å—Ç–Ω–∞—è –∏–ª–∏ –≥–æ—Å—É–¥–∞—Ä—Å—Ç–≤–µ–Ω–Ω–∞—è —à–∫–æ–ª–∞","–ß–∞—Å—Ç–Ω–∞—è –∏–ª–∏ –≥–æ—Å—É–¥–∞—Ä—Å—Ç–≤–µ–Ω–Ω–∞—è —à–∫–æ–ª–∞ [–ö–æ–ª–∏—á–µ—Å—Ç–≤–æ –±–∞–ª–ª–æ–≤]","–ß–∞—Å—Ç–Ω–∞—è –∏–ª–∏ –≥–æ—Å—É–¥–∞—Ä—Å—Ç–≤–µ–Ω–Ω–∞—è —à–∫–æ–ª–∞ [–û—Ç–∑—ã–≤]","–§–æ—Ä–º–∞—Ç —à–∫–æ–ª—ã","–§–æ—Ä–º–∞—Ç —à–∫–æ–ª—ã [–ö–æ–ª–∏—á–µ—Å—Ç–≤–æ –±–∞–ª–ª–æ–≤]","–§–æ—Ä–º–∞—Ç —à–∫–æ–ª—ã [–û—Ç–∑—ã–≤]","–ó–Ω–∞–Ω–∏–µ –∞–Ω–≥–ª–∏–π—Å–∫–æ–≥–æ –Ω–∞ –º–æ–º–µ–Ω—Ç –æ–±—É—á–µ–Ω–∏—è –≤ —à–∫–æ–ª–µ","–ó–Ω–∞–Ω–∏–µ –∞–Ω–≥–ª–∏–π—Å–∫–æ–≥–æ –Ω–∞ –º–æ–º–µ–Ω—Ç –æ–±—É—á–µ–Ω–∏—è –≤ —à–∫–æ–ª–µ [–ö–æ–ª–∏—á–µ—Å—Ç–≤–æ –±–∞–ª–ª–æ–≤]","–ó–Ω–∞–Ω–∏–µ –∞–Ω–≥–ª–∏–π—Å–∫–æ–≥–æ –Ω–∞ –º–æ–º–µ–Ω—Ç –æ–±—É—á–µ–Ω–∏—è –≤ —à–∫–æ–ª–µ [–û—Ç–∑—ã–≤]","–í–∞—à–∞ —É—Å–ø–µ–≤–∞–µ–º–æ—Å—Ç—å –≤ —à–∫–æ–ª–µ","–í–∞—à–∞ —É—Å–ø–µ–≤–∞–µ–º–æ—Å—Ç—å –≤ —à–∫–æ–ª–µ [–ö–æ–ª–∏—á–µ—Å—Ç–≤–æ –±–∞–ª–ª–æ–≤]","–í–∞—à–∞ —É—Å–ø–µ–≤–∞–µ–º–æ—Å—Ç—å –≤ —à–∫–æ–ª–µ [–û—Ç–∑—ã–≤]","–ü–æ—Å–µ—â–∞–ª–∏ —Ä–µ–ø–µ—Ç–∏—Ç–æ—Ä–æ–≤ –≤–æ –≤—Ä–µ–º—è —à–∫–æ–ª—ã?","–ü–æ—Å–µ—â–∞–ª–∏ —Ä–µ–ø–µ—Ç–∏—Ç–æ—Ä–æ–≤ –≤–æ –≤—Ä–µ–º—è —à–∫–æ–ª—ã? [–ö–æ–ª–∏—á–µ—Å—Ç–≤–æ –±–∞–ª–ª–æ–≤]","–ü–æ—Å–µ—â–∞–ª–∏ —Ä–µ–ø–µ—Ç–∏—Ç–æ—Ä–æ–≤ –≤–æ –≤—Ä–µ–º—è —à–∫–æ–ª—ã? [–û—Ç–∑—ã–≤]","–ü–æ—Å–µ—â–∞–ª–∏ —Å–ø–æ—Ä—Ç–∏–≤–Ω—ã–µ —Å–µ–∫—Ü–∏–∏ –≤–æ –≤—Ä–µ–º—è —à–∫–æ–ª—ã?","–ü–æ—Å–µ—â–∞–ª–∏ —Å–ø–æ—Ä—Ç–∏–≤–Ω—ã–µ —Å–µ–∫—Ü–∏–∏ –≤–æ –≤—Ä–µ–º—è —à–∫–æ–ª—ã? [–ö–æ–ª–∏—á–µ—Å—Ç–≤–æ –±–∞–ª–ª–æ–≤]","–ü–æ—Å–µ—â–∞–ª–∏ —Å–ø–æ—Ä—Ç–∏–≤–Ω—ã–µ —Å–µ–∫—Ü–∏–∏ –≤–æ –≤—Ä–µ–º—è —à–∫–æ–ª—ã? [–û—Ç–∑—ã–≤]","–ó–∞–Ω–∏–º–∞–ª–∏—Å—å —Ç–≤–æ—Ä—á–µ—Å—Ç–≤–æ–º (—Ä–∏—Å–æ–≤–∞–Ω–∏–µ/—Ä—É–∫–æ–¥–µ–ª–∏–µ/—Ç–µ–∞—Ç—Ä)?","–ó–∞–Ω–∏–º–∞–ª–∏—Å—å —Ç–≤–æ—Ä—á–µ—Å—Ç–≤–æ–º (—Ä–∏—Å–æ–≤–∞–Ω–∏–µ/—Ä—É–∫–æ–¥–µ–ª–∏–µ/—Ç–µ–∞—Ç—Ä)? [–ö–æ–ª–∏—á–µ—Å—Ç–≤–æ –±–∞–ª–ª–æ–≤]","–ó–∞–Ω–∏–º–∞–ª–∏—Å—å —Ç–≤–æ—Ä—á–µ—Å—Ç–≤–æ–º (—Ä–∏—Å–æ–≤–∞–Ω–∏–µ/—Ä—É–∫–æ–¥–µ–ª–∏–µ/—Ç–µ–∞—Ç—Ä)? [–û—Ç–∑—ã–≤]","–ò–º–µ–ª—Å—è –ª–∏ –≤ —à–∫–æ–ª–µ –∏–Ω—Ç–µ—Ä–Ω–µ—Ç?","–ò–º–µ–ª—Å—è –ª–∏ –≤ —à–∫–æ–ª–µ –∏–Ω—Ç–µ—Ä–Ω–µ—Ç? [–ö–æ–ª–∏—á–µ—Å—Ç–≤–æ –±–∞–ª–ª–æ–≤]","–ò–º–µ–ª—Å—è –ª–∏ –≤ —à–∫–æ–ª–µ –∏–Ω—Ç–µ—Ä–Ω–µ—Ç? [–û—Ç–∑—ã–≤]","–ï—Å—Ç—å –ª–∏ –≤—ã—Å—à–µ–µ –æ–±—Ä–∞–∑–æ–≤–∞–Ω–∏–µ —É –≤–∞—à–∏—Ö —Ä–æ–¥–∏—Ç–µ–ª–µ–π (—Ö–æ—Ç—è –±—ã —É –æ–¥–Ω–æ–≥–æ)?","–ï—Å—Ç—å –ª–∏ –≤—ã—Å—à–µ–µ –æ–±—Ä–∞–∑–æ–≤–∞–Ω–∏–µ —É –≤–∞—à–∏—Ö —Ä–æ–¥–∏—Ç–µ–ª–µ–π (—Ö–æ—Ç—è –±—ã —É –æ–¥–Ω–æ–≥–æ)? [–ö–æ–ª–∏—á–µ—Å—Ç–≤–æ –±–∞–ª–ª–æ–≤]","–ï—Å—Ç—å –ª–∏ –≤—ã—Å—à–µ–µ –æ–±—Ä–∞–∑–æ–≤–∞–Ω–∏–µ —É –≤–∞—à–∏—Ö —Ä–æ–¥–∏—Ç–µ–ª–µ–π (—Ö–æ—Ç—è –±—ã —É –æ–¥–Ω–æ–≥–æ)? [–û—Ç–∑—ã–≤]","–°—Ä–µ–¥–Ω—è—è –∑–ø –≤ –º–µ—Å—è—Ü –≤–∞—à–∏—Ö —Ä–æ–¥–∏—Ç–µ–ª–µ–π (—Å—É–º–º–∞—Ä–Ω–æ) –≤–æ –≤—Ä–µ–º—è –≤–∞—à–µ–≥–æ –æ–±—É—á–µ–Ω–∏—è –≤ —à–∫–æ–ª–µ","–°—Ä–µ–¥–Ω—è—è –∑–ø –≤ –º–µ—Å—è—Ü –≤–∞—à–∏—Ö —Ä–æ–¥–∏—Ç–µ–ª–µ–π (—Å—É–º–º–∞—Ä–Ω–æ) –≤–æ –≤—Ä–µ–º—è –≤–∞—à–µ–≥–æ –æ–±—É—á–µ–Ω–∏—è –≤ —à–∫–æ–ª–µ [–ö–æ–ª–∏—á–µ—Å—Ç–≤–æ –±–∞–ª–ª–æ–≤]","–°—Ä–µ–¥–Ω—è—è –∑–ø –≤ –º–µ—Å—è—Ü –≤–∞—à–∏—Ö —Ä–æ–¥–∏—Ç–µ–ª–µ–π (—Å—É–º–º–∞—Ä–Ω–æ) –≤–æ –≤—Ä–µ–º—è –≤–∞—à–µ–≥–æ –æ–±—É—á–µ–Ω–∏—è –≤ —à–∫–æ–ª–µ [–û—Ç–∑—ã–≤]","–°–º–æ—Ç—Ä–∏—Ç–µ/—á–∏—Ç–∞–µ—Ç–µ –Ω–æ–≤–æ—Å—Ç–∏","–°–º–æ—Ç—Ä–∏—Ç–µ/—á–∏—Ç–∞–µ—Ç–µ –Ω–æ–≤–æ—Å—Ç–∏ [–ö–æ–ª–∏—á–µ—Å—Ç–≤–æ –±–∞–ª–ª–æ–≤]","–°–º–æ—Ç—Ä–∏—Ç–µ/—á–∏—Ç–∞–µ—Ç–µ –Ω–æ–≤–æ—Å—Ç–∏ [–û—Ç–∑—ã–≤]","–û—Å–Ω–æ–≤–Ω–æ–π –∏—Å—Ç–æ—á–Ω–∏–∫ –Ω–æ–≤–æ—Å—Ç–µ–π","–û—Å–Ω–æ–≤–Ω–æ–π –∏—Å—Ç–æ—á–Ω–∏–∫ –Ω–æ–≤–æ—Å—Ç–µ–π [–ö–æ–ª–∏—á–µ—Å—Ç–≤–æ –±–∞–ª–ª–æ–≤]","–û—Å–Ω–æ–≤–Ω–æ–π –∏—Å—Ç–æ—á–Ω–∏–∫ –Ω–æ–≤–æ—Å—Ç–µ–π [–û—Ç–∑—ã–≤]","–ü—Ä–æ—è–≤–ª—è–ª–∏ –ø–æ–ª–∏—Ç–∏—á–µ—Å–∫—É—é –∞–∫—Ç–∏–≤–Ω–æ—Å—Ç—å (–±—ã–ª–∏ –Ω–∞–±–ª—é–¥–∞—Ç–µ–ª—è–º–∏ –Ω–∞ –≤—ã–±–æ—Ä–∞—Ö –Ω–∞–ø—Ä–∏–º–µ—Ä)","–ü—Ä–æ—è–≤–ª—è–ª–∏ –ø–æ–ª–∏—Ç–∏—á–µ—Å–∫—É—é –∞–∫—Ç–∏–≤–Ω–æ—Å—Ç—å (–±—ã–ª–∏ –Ω–∞–±–ª—é–¥–∞—Ç–µ–ª—è–º–∏ –Ω–∞ –≤—ã–±–æ—Ä–∞—Ö –Ω–∞–ø—Ä–∏–º–µ—Ä) [–ö–æ–ª–∏—á–µ—Å—Ç–≤–æ –±–∞–ª–ª–æ–≤]","–ü—Ä–æ—è–≤–ª—è–ª–∏ –ø–æ–ª–∏—Ç–∏—á–µ—Å–∫—É—é –∞–∫—Ç–∏–≤–Ω–æ—Å—Ç—å (–±—ã–ª–∏ –Ω–∞–±–ª—é–¥–∞—Ç–µ–ª—è–º–∏ –Ω–∞ –≤—ã–±–æ—Ä–∞—Ö –Ω–∞–ø—Ä–∏–º–µ—Ä) [–û—Ç–∑—ã–≤]","–£—á–∞—Å—Ç–Ω–∏–∫ –º–æ–ª–æ–¥–µ–∂–Ω—ã—Ö –æ—Ä–≥–∞–Ω–∏–∑–∞—Ü–∏–π (–ú–ò–°–ö, –º–æ–ª–æ–¥–µ–∂–Ω–æ–µ –∫—Ä—ã–ª–æ –ø–æ–ª–∏—Ç –ø–∞—Ä—Ç–∏–∏ –∏ –¥—Ä—É–≥–æ–µ)","–£—á–∞—Å—Ç–Ω–∏–∫ –º–æ–ª–æ–¥–µ–∂–Ω—ã—Ö –æ—Ä–≥–∞–Ω–∏–∑–∞—Ü–∏–π (–ú–ò–°–ö, –º–æ–ª–æ–¥–µ–∂–Ω–æ–µ –∫—Ä—ã–ª–æ –ø–æ–ª–∏—Ç –ø–∞—Ä—Ç–∏–∏ –∏ –¥—Ä—É–≥–æ–µ) [–ö–æ–ª–∏—á–µ—Å—Ç–≤–æ –±–∞–ª–ª–æ–≤]","–£—á–∞—Å—Ç–Ω–∏–∫ –º–æ–ª–æ–¥–µ–∂–Ω—ã—Ö –æ—Ä–≥–∞–Ω–∏–∑–∞—Ü–∏–π (–ú–ò–°–ö, –º–æ–ª–æ–¥–µ–∂–Ω–æ–µ –∫—Ä—ã–ª–æ –ø–æ–ª–∏—Ç –ø–∞—Ä—Ç–∏–∏ –∏ –¥—Ä—É–≥–æ–µ) [–û—Ç–∑—ã–≤]","–°—Ç–∞–ª–∫–∏–≤–∞–ª–∏—Å—å —Å –Ω–µ—Å–ø—Ä–∞–≤–µ–¥–ª–∏–≤–æ—Å—Ç—å—é","–°—Ç–∞–ª–∫–∏–≤–∞–ª–∏—Å—å —Å –Ω–µ—Å–ø—Ä–∞–≤–µ–¥–ª–∏–≤–æ—Å—Ç—å—é [–ö–æ–ª–∏—á–µ—Å—Ç–≤–æ –±–∞–ª–ª–æ–≤]","–°—Ç–∞–ª–∫–∏–≤–∞–ª–∏—Å—å —Å –Ω–µ—Å–ø—Ä–∞–≤–µ–¥–ª–∏–≤–æ—Å—Ç—å—é [–û—Ç–∑—ã–≤]","–ò–Ω—Ç–µ—Ä–µ—Å—É–µ—Ç–µ—Å—å –ø–æ–ª–∏—Ç–∏–∫–æ–π","–ò–Ω—Ç–µ—Ä–µ—Å—É–µ—Ç–µ—Å—å –ø–æ–ª–∏—Ç–∏–∫–æ–π [–ö–æ–ª–∏—á–µ—Å—Ç–≤–æ –±–∞–ª–ª–æ–≤]","–ò–Ω—Ç–µ—Ä–µ—Å—É–µ—Ç–µ—Å—å –ø–æ–ª–∏—Ç–∏–∫–æ–π [–û—Ç–∑—ã–≤]","–ò–Ω—Ç–µ—Ä–µ—Å—É—é—Ç—Å—è –ª–∏ —Ä–æ–¥–∏—Ç–µ–ª–∏ –ø–æ–ª–∏—Ç–∏–∫–æ–π","–ò–Ω—Ç–µ—Ä–µ—Å—É—é—Ç—Å—è –ª–∏ —Ä–æ–¥–∏—Ç–µ–ª–∏ –ø–æ–ª–∏—Ç–∏–∫–æ–π [–ö–æ–ª–∏—á–µ—Å—Ç–≤–æ –±–∞–ª–ª–æ–≤]","–ò–Ω—Ç–µ—Ä–µ—Å—É—é—Ç—Å—è –ª–∏ —Ä–æ–¥–∏—Ç–µ–ª–∏ –ø–æ–ª–∏—Ç–∏–∫–æ–π [–û—Ç–∑—ã–≤]","–•–æ–¥—è—Ç –ª–∏ –≤–∞—à–∏ —Ä–æ–¥–∏—Ç–µ–ª–∏ –Ω–∞ –≤—ã–±–æ—Ä—ã?","–•–æ–¥—è—Ç –ª–∏ –≤–∞—à–∏ —Ä–æ–¥–∏—Ç–µ–ª–∏ –Ω–∞ –≤—ã–±–æ—Ä—ã? [–ö–æ–ª–∏—á–µ—Å—Ç–≤–æ –±–∞–ª–ª–æ–≤]","–•–æ–¥—è—Ç –ª–∏ –≤–∞—à–∏ —Ä–æ–¥–∏—Ç–µ–ª–∏ –Ω–∞ –≤—ã–±–æ—Ä—ã? [–û—Ç–∑—ã–≤]","–ù–∞—Å–∫–æ–ª—å–∫–æ —É—Å—Ç—Ä–∞–∏–≤–∞–µ—Ç –∂–∏–∑–Ω—å –≤ –ö–ó","–ù–∞—Å–∫–æ–ª—å–∫–æ —É—Å—Ç—Ä–∞–∏–≤–∞–µ—Ç –∂–∏–∑–Ω—å –≤ –ö–ó [–ö–æ–ª–∏—á–µ—Å—Ç–≤–æ –±–∞–ª–ª–æ–≤]","–ù–∞—Å–∫–æ–ª—å–∫–æ —É—Å—Ç—Ä–∞–∏–≤–∞–µ—Ç –∂–∏–∑–Ω—å –≤ –ö–ó [–û—Ç–∑—ã–≤]","–ò–º–µ–ª–∏—Å—å –ª–∏ –≤ –≤–∞—à–µ–º –Ω–∞—Å–µ–ª–µ–Ω–Ω–æ–º –ø—É–Ω–∫—Ç–µ –∫—É–ª—å—Ç—É—Ä–Ω—ã–µ –æ–±—ä–µ–∫—Ç—ã (–±–∏–±–ª–∏–æ—Ç–µ–∫–∏/–º—É–∑–µ–∏/–∞–º–µ—Ä–∏–∫–∞–Ω—Å–∫–∏–µ —É–≥–æ–ª–∫–∏/–º–∞—Å—Ç–µ—Ä—Å–∫–∏–µ/—Ç–µ–∞—Ç—Ä—ã)?","–ò–º–µ–ª–∏—Å—å –ª–∏ –≤ –≤–∞—à–µ–º –Ω–∞—Å–µ–ª–µ–Ω–Ω–æ–º –ø—É–Ω–∫—Ç–µ –∫—É–ª—å—Ç—É—Ä–Ω—ã–µ –æ–±—ä–µ–∫—Ç—ã (–±–∏–±–ª–∏–æ—Ç–µ–∫–∏/–º—É–∑–µ–∏/–∞–º–µ—Ä–∏–∫–∞–Ω—Å–∫–∏–µ —É–≥–æ–ª–∫–∏/–º–∞—Å—Ç–µ—Ä—Å–∫–∏–µ/—Ç–µ–∞—Ç—Ä—ã)? [–ö–æ–ª–∏—á–µ—Å—Ç–≤–æ –±–∞–ª–ª–æ–≤]","–ò–º–µ–ª–∏—Å—å –ª–∏ –≤ –≤–∞—à–µ–º –Ω–∞—Å–µ–ª–µ–Ω–Ω–æ–º –ø—É–Ω–∫—Ç–µ –∫—É–ª—å—Ç—É—Ä–Ω—ã–µ –æ–±—ä–µ–∫—Ç—ã (–±–∏–±–ª–∏–æ—Ç–µ–∫–∏/–º—É–∑–µ–∏/–∞–º–µ—Ä–∏–∫–∞–Ω—Å–∫–∏–µ —É–≥–æ–ª–∫–∏/–º–∞—Å—Ç–µ—Ä—Å–∫–∏–µ/—Ç–µ–∞—Ç—Ä—ã)? [–û—Ç–∑—ã–≤]"
"2021/11/08 4:21:50 PM GMT+6","10.00 / 30","3","1.00 / 1","","–°—É–¥–µ–±–Ω–∞—è;–ó–∞–∫–æ–Ω–æ–¥–∞—Ç–µ–ª—å–Ω–∞—è;–ò—Å–ø–æ–ª–Ω–∏—Ç–µ–ª—å–Ω–∞—è","1.00 / 1","","5","1.00 / 1","","–í–µ—Ä—Ö–Ω—è—è –ø–∞–ª–∞—Ç–∞;–ù–∏–∂–Ω—è—è –ø–∞–ª–∞—Ç–∞","0.00 / 1","","–ê—Å–∫–∞—Ä –ú–∞–º–∏–Ω","1.00 / 1","","—Ä—ã–Ω–æ—á–Ω–∞—è —ç–∫–æ–Ω–æ–º–∏–∫–∞","1.00 / 1","","–î–∞","1.00 / 1","","2","1.00 / 1","","–ì–µ—Ä–±;–§–ª–∞–≥;–ì–∏–º–Ω","1.00 / 1","","–î–∞","1.00 / 1","","–ò–º–ø–∏—á–º–µ–Ω—Ç","1.00 / 1","","–ù–µ—Ç","0.00 / 1","","3.89","-- / 1","","–ú","-- / 1","","21","-- / 1","","–í –≥–æ—Ä–æ–¥–µ","-- / 0","","–†—É—Å—Å–∫–∏–π","-- / 0","","–ì–æ—Å—É–¥–∞—Ä—Å—Ç–≤–µ–Ω–Ω–∞—è","-- / 1","","–û–±—ã—á–Ω–∞—è —à–∫–æ–ª–∞","-- / 0","","C1-C2","-- / 0","","–£–¥–∞—Ä–Ω–∏–∫","-- / 0","","–ù–µ—Ç","-- / 0","","–î–∞","-- / 0","","–î–∞","-- / 1","","–ù–µ—Ç","-- / 1","","–î–∞","-- / 1","","100 000 - 200 000","-- / 1","","–î–∞","-- / 1","","–ù–æ–≤–æ—Å—Ç–Ω—ã–µ –ø–æ—Ä—Ç–∞–ª—ã –≤ –∏–Ω—Ç–µ—Ä–Ω–µ—Ç–µ","-- / 1","","–ù–µ—Ç","-- / 1","","–ù–µ—Ç","-- / 1","","–î–∞","-- / 1","","–î–∞","-- / 1","","–ù–µ—Ç","-- / 1","","–î–∞","-- / 1","","–ù–µ—Ç, –Ω–µ —É—Å—Ç—Ä–∞–∏–≤–∞–µ—Ç","-- / 1","","–î–∞","-- / 1",""
"2021/11/08 4:23:47 PM GMT+6","1.00 / 30","4","0.00 / 1","","–ö–æ–Ω—Å—Ç–∏—Ç—É—Ü–∏–æ–Ω–Ω–∞—è;–ó–∞–∫–æ–Ω–æ–¥–∞—Ç–µ–ª—å–Ω–∞—è;–ò—Å–ø–æ–ª–Ω–∏—Ç–µ–ª—å–Ω–∞—è","0.00 / 1","","30 –ª–µ—Ç","0.00 / 1","","–í–µ—Ä—Ö–Ω—è—è –ø–∞–ª–∞—Ç–∞;–ù–∏–∂–Ω—è—è –ø–∞–ª–∞—Ç–∞","0.00 / 1","","–ê—Å—Ö–∞—Ç –ê–π–º–∞–≥–∞–º–±–µ—Ç–æ–≤","0.00 / 1","","–ø–ª–∞–Ω–æ–≤–∞—è —ç–∫–æ–Ω–æ–º–∏–∫–∞","0.00 / 1","","–ù–µ—Ç","0.00 / 1","","4","0.00 / 1","","–ì–µ—Ä–±;–§–ª–∞–≥;–ì–∏–º–Ω","1.00 / 1","","–ù–µ—Ç","0.00 / 1","","–•–∑","0.00 / 1","","–ù–µ—Ç","0.00 / 1","","3.78","-- / 1","","–ú","-- / 1","","20","-- / 1","","–í —Å–µ–ª–µ","-- / 0","","–ö–∞–∑–∞—Ö—Å–∫–∏–π","-- / 0","","–ì–æ—Å—É–¥–∞—Ä—Å—Ç–≤–µ–Ω–Ω–∞—è","-- / 1","","–ì–∏–º–Ω–∞–∑–∏—è/–ª–∏—Ü–µ–π","-- / 0","","B1","-- / 0","","–û—Ç–ª–∏—á–Ω–∏–∫","-- / 0","","–î–∞","-- / 0","","–ù–µ—Ç","-- / 0","","–ù–µ—Ç","-- / 1","","–ù–µ—Ç","-- / 1","","–î–∞","-- / 1","","100 000 - 200 000","-- / 1","","–î–∞","-- / 1","","–ü–∞–±–ª–∏–∫–∏ –≤ —Å–æ—Ü —Å–µ—Ç—è—Ö","-- / 1","","–ù–µ—Ç","-- / 1","","–ù–µ—Ç","-- / 1","","–î–∞","-- / 1","","–ù–µ—Ç","-- / 1","","–î–∞","-- / 1","","–ù–µ—Ç","-- / 1","","–ù–µ—Ç, –Ω–µ —É—Å—Ç—Ä–∞–∏–≤–∞–µ—Ç","-- / 1","","–î–∞","-- / 1",""
"2021/11/08 4:23:49 PM GMT+6","11.00 / 30","3","1.00 / 1","","–°—É–¥–µ–±–Ω–∞—è;–ó–∞–∫–æ–Ω–æ–¥–∞—Ç–µ–ª—å–Ω–∞—è;–ò—Å–ø–æ–ª–Ω–∏—Ç–µ–ª—å–Ω–∞—è","1.00 / 1","","6","0.00 / 1","","–°–µ–Ω–∞—Ç;–ú–∞–∂–∏–ª–∏—Å","1.00 / 1","","–ê—Å–∫–∞—Ä –ú–∞–º–∏–Ω","1.00 / 1","","—Ä—ã–Ω–æ—á–Ω–∞—è —ç–∫–æ–Ω–æ–º–∏–∫–∞","1.00 / 1","","–î–∞","1.00 / 1","","2","1.00 / 1","","–ì–µ—Ä–±;–§–ª–∞–≥;–ì–∏–º–Ω","1.00 / 1","","–î–∞","1.00 / 1","","–ò–º–ø–∏—á–º–µ–Ω—Ç","1.00 / 1","","–î–∞","1.00 / 1","","3.88","-- / 1","","–ú","-- / 1","","18","-- / 1","","–í –≥–æ—Ä–æ–¥–µ","-- / 0","","–†—É—Å—Å–∫–∏–π","-- / 0","","–ì–æ—Å—É–¥–∞—Ä—Å—Ç–≤–µ–Ω–Ω–∞—è","-- / 1","","–ì–∏–º–Ω–∞–∑–∏—è/–ª–∏—Ü–µ–π","-- / 0","","B2","-- / 0","","–û—Ç–ª–∏—á–Ω–∏–∫","-- / 0","","–ù–µ—Ç","-- / 0","","–ù–µ—Ç","-- / 0","","–ù–µ—Ç","-- / 1","","–î–∞","-- / 1","","–î–∞","-- / 1","","300 000 - 400 000","-- / 1","","–ù–µ—Ç","-- / 1","","–ù–æ–≤–æ—Å—Ç–Ω—ã–µ –ø–æ—Ä—Ç–∞–ª—ã –≤ –∏–Ω—Ç–µ—Ä–Ω–µ—Ç–µ","-- / 1","","–ù–µ—Ç","-- / 1","","–ù–µ—Ç","-- / 1","","–î–∞","-- / 1","","–î–∞","-- / 1","","–ù–µ—Ç","-- / 1","","–ù–µ—Ç","-- / 1","","–°–∫–æ—Ä–µ–µ —É—Å—Ç—Ä–∞–∏–≤–∞–µ—Ç","-- / 1","","–î–∞","-- / 1",""
"2021/11/08 4:27:09 PM GMT+6","8.00 / 30","3","1.00 / 1","","–°—É–¥–µ–±–Ω–∞—è;–ó–∞–∫–æ–Ω–æ–¥–∞—Ç–µ–ª—å–Ω–∞—è;–ò—Å–ø–æ–ª–Ω–∏—Ç–µ–ª—å–Ω–∞—è","1.00 / 1","","–±–µ—Å–∫–æ–Ω–µ—á–Ω–æ, –µ—Å–ª–∏ –°–ù–ì","0.00 / 1","","–í–µ—Ä—Ö–Ω—è—è –ø–∞–ª–∞—Ç–∞;–°–µ–Ω–∞—Ç;–ù–∏–∂–Ω—è—è –ø–∞–ª–∞—Ç–∞","0.00 / 1","","–ê—Å–∫–∞—Ä –ú–∞–º–∏–Ω","1.00 / 1","","—Ä—ã–Ω–æ—á–Ω–∞—è —ç–∫–æ–Ω–æ–º–∏–∫–∞","1.00 / 1","","–î–∞","1.00 / 1","","–±–µ—Å–∫–æ–Ω–µ—á–Ω–æ, –µ—Å–ª–∏ —Ç—ã –ù–∞–∑–∞—Ä–±–∞–µ–≤","0.00 / 1","","–ö–æ–Ω—Å—Ç–∏—Ç—É—Ü–∏—è;–ì–µ—Ä–±;–ó–∞–∫–æ–Ω;–§–ª–∞–≥","0.00 / 1","","–î–∞","1.00 / 1","","–∏–º–ø–∏—á–º–µ–Ω—Ç","1.00 / 1","","–î–∞","1.00 / 1","","3.05","-- / 1","","–ñ","-- / 1","","19","-- / 1","","–í –≥–æ—Ä–æ–¥–µ","-- / 0","","–†—É—Å—Å–∫–∏–π","-- / 0","","–ì–æ—Å—É–¥–∞—Ä—Å—Ç–≤–µ–Ω–Ω–∞—è","-- / 1","","–ì–∏–º–Ω–∞–∑–∏—è/–ª–∏—Ü–µ–π","-- / 0","","B1","-- / 0","","–û—Ç–ª–∏—á–Ω–∏–∫","-- / 0","","–î–∞","-- / 0","","–ù–µ—Ç","-- / 0","","–ù–µ—Ç","-- / 1","","–ù–µ—Ç","-- / 1","","–î–∞","-- / 1","","400 000 - 500 000","-- / 1","","–î–∞","-- / 1","","–ü–∞–±–ª–∏–∫–∏ –≤ —Å–æ—Ü —Å–µ—Ç—è—Ö","-- / 1","","–î–∞","-- / 1","","–ù–µ—Ç","-- / 1","","–î–∞","-- / 1","","–î–∞","-- / 1","","–î–∞","-- / 1","","–ù–µ—Ç","-- / 1","","–°–∫–æ—Ä–µ–µ –Ω–µ —É—Å—Ç—Ä–∞–∏–≤–∞–µ—Ç","-- / 1","","–î–∞","-- / 1",""
"2021/11/08 4:30:42 PM GMT+6","11.00 / 30","3","1.00 / 1","","–°—É–¥–µ–±–Ω–∞—è;–ó–∞–∫–æ–Ω–æ–¥–∞—Ç–µ–ª—å–Ω–∞—è;–ò—Å–ø–æ–ª–Ω–∏—Ç–µ–ª—å–Ω–∞—è","1.00 / 1","","4 –≥–æ–¥–∞","0.00 / 1","","–°–µ–Ω–∞—Ç;–ú–∞–∂–∏–ª–∏—Å","1.00 / 1","","–ê—Å–∫–∞—Ä –ú–∞–º–∏–Ω","1.00 / 1","","—Ä—ã–Ω–æ—á–Ω–∞—è —ç–∫–æ–Ω–æ–º–∏–∫–∞","1.00 / 1","","–î–∞","1.00 / 1","","2","1.00 / 1","","–ì–µ—Ä–±;–§–ª–∞–≥;–ì–∏–º–Ω","1.00 / 1","","–î–∞","1.00 / 1","","–∏–º–ø–∏—á–º–µ–Ω—Ç","1.00 / 1","","–î–∞","1.00 / 1","","3.09","-- / 1","","–ñ","-- / 1","","19","-- / 1","","–í –≥–æ—Ä–æ–¥–µ","-- / 0","","–ö–∞–∑–∞—Ö—Å–∫–∏–π","-- / 0","","–ì–æ—Å—É–¥–∞—Ä—Å—Ç–≤–µ–Ω–Ω–∞—è","-- / 1","","–ì–∏–º–Ω–∞–∑–∏—è/–ª–∏—Ü–µ–π","-- / 0","","B1","-- / 0","","–û—Ç–ª–∏—á–Ω–∏–∫","-- / 0","","–î–∞","-- / 0","","–ù–µ—Ç","-- / 0","","–î–∞","-- / 1","","–î–∞","-- / 1","","–î–∞","-- / 1","","100 000 - 200 000","-- / 1","","–î–∞","-- / 1","","–ù–æ–≤–æ—Å—Ç–Ω—ã–µ –ø–æ—Ä—Ç–∞–ª—ã –≤ –∏–Ω—Ç–µ—Ä–Ω–µ—Ç–µ","-- / 1","","–ù–µ—Ç","-- / 1","","–ù–µ—Ç","-- / 1","","–î–∞","-- / 1","","–î–∞","-- / 1","","–ù–µ—Ç","-- / 1","","–î–∞","-- / 1","","–°–∫–æ—Ä–µ–µ –Ω–µ —É—Å—Ç—Ä–∞–∏–≤–∞–µ—Ç","-- / 1","","–î–∞","-- / 1",""
"2021/11/08 4:32:24 PM GMT+6","7.00 / 30","3","1.00 / 1","","–°—É–¥–µ–±–Ω–∞—è;–ó–∞–∫–æ–Ω–æ–¥–∞—Ç–µ–ª—å–Ω–∞—è;–ò—Å–ø–æ–ª–Ω–∏—Ç–µ–ª—å–Ω–∞—è","1.00 / 1","","3","0.00 / 1","","–°–µ–Ω–∞—Ç;–ú–∞–∂–∏–ª–∏—Å","1.00 / 1","","–ë–∞–≥–¥–∞—Ç –ú—É—Å–∏–Ω","0.00 / 1","","—Ä—ã–Ω–æ—á–Ω–∞—è —ç–∫–æ–Ω–æ–º–∏–∫–∞","1.00 / 1","","–î–∞","1.00 / 1","","1","0.00 / 1","","–ì–µ—Ä–±;–§–ª–∞–≥;–ì–∏–º–Ω","1.00 / 1","","–î–∞","1.00 / 1","","-","0.00 / 1","","–ù–µ—Ç","0.00 / 1","","2.82","-- / 1","","–ñ","-- / 1","","19","-- / 1","","–í —Å–µ–ª–µ","-- / 0","","–†—É—Å—Å–∫–∏–π","-- / 0","","–ì–æ—Å—É–¥–∞—Ä—Å—Ç–≤–µ–Ω–Ω–∞—è","-- / 1","","–û–±—ã—á–Ω–∞—è —à–∫–æ–ª–∞","-- / 0","","A0-A1","-- / 0","","–û—Ç–ª–∏—á–Ω–∏–∫","-- / 0","","–ù–µ—Ç","-- / 0","","–î–∞","-- / 0","","–ù–µ—Ç","-- / 1","","–î–∞","-- / 1","","–ù–µ—Ç","-- / 1","","200 000 - 300 000","-- / 1","","–î–∞","-- / 1","","–ü–∞–±–ª–∏–∫–∏ –≤ —Å–æ—Ü —Å–µ—Ç—è—Ö","-- / 1","","–ù–µ—Ç","-- / 1","","–ù–µ—Ç","-- / 1","","–î–∞","-- / 1","","–ù–µ—Ç","-- / 1","","–ù–µ—Ç","-- / 1","","–î–∞","-- / 1","","–°–∫–æ—Ä–µ–µ —É—Å—Ç—Ä–∞–∏–≤–∞–µ—Ç","-- / 1","","–î–∞","-- / 1",""
"2021/11/08 4:32:51 PM GMT+6","8.00 / 30","3","1.00 / 1","","–°—É–¥–µ–±–Ω–∞—è;–ó–∞–∫–æ–Ω–æ–¥–∞—Ç–µ–ª—å–Ω–∞—è;–ò—Å–ø–æ–ª–Ω–∏—Ç–µ–ª—å–Ω–∞—è","1.00 / 1","","4","0.00 / 1","","–ì–æ—Å—É–¥–∞—Ä—Å—Ç–≤–µ–Ω–Ω–∞—è –¥—É–º–∞;–ú–∞–∂–∏–ª–∏—Å","0.00 / 1","","–ê—Å–∫–∞—Ä –ú–∞–º–∏–Ω","1.00 / 1","","—Ä—ã–Ω–æ—á–Ω–∞—è —ç–∫–æ–Ω–æ–º–∏–∫–∞","1.00 / 1","","–î–∞","1.00 / 1","","4","0.00 / 1","","–ì–µ—Ä–±;–§–ª–∞–≥;–ì–∏–º–Ω","1.00 / 1","","–î–∞","1.00 / 1","","–ù–µ –∑–Ω–∞—é","0.00 / 1","","–î–∞","1.00 / 1","","2.45","-- / 1","","–ú","-- / 1","","18","-- / 1","","–í —Å–µ–ª–µ","-- / 0","","–ö–∞–∑–∞—Ö—Å–∫–∏–π","-- / 0","","–ì–æ—Å—É–¥–∞—Ä—Å—Ç–≤–µ–Ω–Ω–∞—è","-- / 1","","–ì–∏–º–Ω–∞–∑–∏—è/–ª–∏—Ü–µ–π","-- / 0","","A2","-- / 0","","–£–¥–∞—Ä–Ω–∏–∫","-- / 0","","–î–∞","-- / 0","","–ù–µ—Ç","-- / 0","","–ù–µ—Ç","-- / 1","","–î–∞","-- / 1","","–î–∞","-- / 1","","200 000 - 300 000","-- / 1","","–ù–µ—Ç","-- / 1","","–ü–∞–±–ª–∏–∫–∏ –≤ —Å–æ—Ü —Å–µ—Ç—è—Ö","-- / 1","","–ù–µ—Ç","-- / 1","","–ù–µ—Ç","-- / 1","","–ù–µ—Ç","-- / 1","","–ù–µ—Ç","-- / 1","","–ù–µ—Ç","-- / 1","","–î–∞","-- / 1","","–ó–∞—Ç—Ä—É–¥–Ω—è—é—Å—å –æ—Ç–≤–µ—Ç–∏—Ç—å","-- / 1","","–î–∞","-- / 1",""
"2021/11/08 4:33:07 PM GMT+6","8.00 / 30","3","1.00 / 1","","–°—É–¥–µ–±–Ω–∞—è;–ó–∞–∫–æ–Ω–æ–¥–∞—Ç–µ–ª—å–Ω–∞—è;–ò—Å–ø–æ–ª–Ω–∏—Ç–µ–ª—å–Ω–∞—è","1.00 / 1","","29","0.00 / 1","","–í–µ—Ä—Ö–Ω—è—è –ø–∞–ª–∞—Ç–∞;–°–µ–Ω–∞—Ç;–ù–∏–∂–Ω—è—è –ø–∞–ª–∞—Ç–∞","0.00 / 1","","–ê—Å–∫–∞—Ä –ú–∞–º–∏–Ω","1.00 / 1","","—Ä—ã–Ω–æ—á–Ω–∞—è —ç–∫–æ–Ω–æ–º–∏–∫–∞","1.00 / 1","","–î–∞","1.00 / 1","","–ù–∞–∑–∞—Ä–±–∞–µ–≤—É –±–µ—Å–∫–æ–Ω–µ—á–Ω–æ, –∞ –æ—Å—Ç–∞–ª—å–Ω—ã–º 2","0.00 / 1","","–ö–æ–Ω—Å—Ç–∏—Ç—É—Ü–∏—è;–ì–µ—Ä–±;–§–ª–∞–≥;–ì–∏–º–Ω","0.00 / 1","","–î–∞","1.00 / 1","","–∏–º–ø–∏—á–º–µ–Ω—Ç ","1.00 / 1","","–î–∞","1.00 / 1","","3.72","-- / 1","","–ú","-- / 1","","22","-- / 1","","–í –≥–æ—Ä–æ–¥–µ","-- / 0","","–ö–∞–∑–∞—Ö—Å–∫–∏–π","-- / 0","","–ì–æ—Å—É–¥–∞—Ä—Å—Ç–≤–µ–Ω–Ω–∞—è","-- / 1","","–ù–ò–®/–ö–¢–õ/–†–§–ú–®","-- / 0","","B1","-- / 0","","–û—Ç–ª–∏—á–Ω–∏–∫","-- / 0","","–ù–µ—Ç","-- / 0","","–î–∞","-- / 0","","–ù–µ—Ç","-- / 1","","–î–∞","-- / 1","","–ù–µ—Ç","-- / 1","","200 000 - 300 000","-- / 1","","–î–∞","-- / 1","","–ü–∞–±–ª–∏–∫–∏ –≤ —Å–æ—Ü —Å–µ—Ç—è—Ö","-- / 1","","–î–∞","-- / 1","","–î–∞","-- / 1","","–î–∞","-- / 1","","–î–∞","-- / 1","","–ù–µ—Ç","-- / 1","","–ù–µ—Ç","-- / 1","","–°–∫–æ—Ä–µ–µ –Ω–µ —É—Å—Ç—Ä–∞–∏–≤–∞–µ—Ç","-- / 1","","–î–∞","-- / 1",""
"2021/11/08 4:38:37 PM GMT+6","11.00 / 30","3","1.00 / 1","","–°—É–¥–µ–±–Ω–∞—è;–ó–∞–∫–æ–Ω–æ–¥–∞—Ç–µ–ª—å–Ω–∞—è;–ò—Å–ø–æ–ª–Ω–∏—Ç–µ–ª—å–Ω–∞—è","1.00 / 1","","4","0.00 / 1","","–°–µ–Ω–∞—Ç;–ú–∞–∂–∏–ª–∏—Å","1.00 / 1","","–ê—Å–∫–∞—Ä –ú–∞–º–∏–Ω","1.00 / 1","","—Ä—ã–Ω–æ—á–Ω–∞—è —ç–∫–æ–Ω–æ–º–∏–∫–∞","1.00 / 1","","–î–∞","1.00 / 1","","2","1.00 / 1","","–ì–µ—Ä–±;–§–ª–∞–≥;–ì–∏–º–Ω","1.00 / 1","","–î–∞","1.00 / 1","","–ò–º–ø–∏—á–º–µ–Ω—Ç","1.00 / 1","","–î–∞","1.00 / 1","","3.63","-- / 1","","–ú","-- / 1","","21","-- / 1","","–í –≥–æ—Ä–æ–¥–µ","-- / 0","","–ö–∞–∑–∞—Ö—Å–∫–∏–π","-- / 0","","–ì–æ—Å—É–¥–∞—Ä—Å—Ç–≤–µ–Ω–Ω–∞—è","-- / 1","","–ù–ò–®/–ö–¢–õ/–†–§–ú–®","-- / 0","","B2","-- / 0","","–û—Ç–ª–∏—á–Ω–∏–∫","-- / 0","","–ù–µ—Ç","-- / 0","","–ù–µ—Ç","-- / 0","","–ù–µ—Ç","-- / 1","","–î–∞","-- / 1","","–î–∞","-- / 1","","200 000 - 300 000","-- / 1","","–î–∞","-- / 1","","–ù–æ–≤–æ—Å—Ç–Ω—ã–µ –ø–æ—Ä—Ç–∞–ª—ã –≤ –∏–Ω—Ç–µ—Ä–Ω–µ—Ç–µ","-- / 1","","–ù–µ—Ç","-- / 1","","–ù–µ—Ç","-- / 1","","–î–∞","-- / 1","","–î–∞","-- / 1","","–î–∞","-- / 1","","–î–∞","-- / 1","","–ó–∞—Ç—Ä—É–¥–Ω—è—é—Å—å –æ—Ç–≤–µ—Ç–∏—Ç—å","-- / 1","","–î–∞","-- / 1",""
"2021/11/08 4:48:38 PM GMT+6","11.00 / 30","3","1.00 / 1","","–°—É–¥–µ–±–Ω–∞—è;–ó–∞–∫–æ–Ω–æ–¥–∞—Ç–µ–ª—å–Ω–∞—è;–ò—Å–ø–æ–ª–Ω–∏—Ç–µ–ª—å–Ω–∞—è","1.00 / 1","","5","1.00 / 1","","–°–µ–Ω–∞—Ç;–ú–∞–∂–∏–ª–∏—Å","1.00 / 1","","–ê—Å–∫–∞—Ä –ú–∞–º–∏–Ω","1.00 / 1","","—Ç—Ä–∞–¥–∏—Ü–∏–æ–Ω–Ω–∞—è —ç–∫–æ–Ω–æ–º–∏–∫–∞","0.00 / 1","","–î–∞","1.00 / 1","","2","1.00 / 1","","–ì–µ—Ä–±;–§–ª–∞–≥;–ì–∏–º–Ω","1.00 / 1","","–î–∞","1.00 / 1","","–ò–º–ø–∏—á–º–µ–Ω—Ç","1.00 / 1","","–î–∞","1.00 / 1","","3.94","-- / 1","","–ú","-- / 1","","17","-- / 1","","–í –≥–æ—Ä–æ–¥–µ","-- / 0","","–ö–∞–∑–∞—Ö—Å–∫–∏–π","-- / 0","","–ß–∞—Å—Ç–Ω–∞—è","-- / 1","","–ù–ò–®/–ö–¢–õ/–†–§–ú–®","-- / 0","","B1","-- / 0","","–û—Ç–ª–∏—á–Ω–∏–∫","-- / 0","","–ù–µ—Ç","-- / 0","","–ù–µ—Ç","-- / 0","","–ù–µ—Ç","-- / 1","","–î–∞","-- / 1","","–î–∞","-- / 1","","200 000 - 300 000","-- / 1","","–î–∞","-- / 1","","–ü–∞–±–ª–∏–∫–∏ –≤ —Å–æ—Ü —Å–µ—Ç—è—Ö","-- / 1","","–ù–µ—Ç","-- / 1","","–ù–µ—Ç","-- / 1","","–î–∞","-- / 1","","–ù–µ—Ç","-- / 1","","–î–∞","-- / 1","","–î–∞","-- / 1","","–°–∫–æ—Ä–µ–µ —É—Å—Ç—Ä–∞–∏–≤–∞–µ—Ç","-- / 1","","–î–∞","-- / 1",""
"2021/11/08 4:55:30 PM GMT+6","5.00 / 30","2","0.00 / 1","","–ó–∞–∫–æ–Ω–æ–¥–∞—Ç–µ–ª—å–Ω–∞—è;–ò—Å–ø–æ–ª–Ω–∏—Ç–µ–ª—å–Ω–∞—è","0.00 / 1","","8","0.00 / 1","","–°–µ–Ω–∞—Ç;–ú–∞–∂–∏–ª–∏—Å","1.00 / 1","","–ê—Å—Ö–∞—Ç –ê–π–º–∞–≥–∞–º–±–µ—Ç–æ–≤","0.00 / 1","","—Ä—ã–Ω–æ—á–Ω–∞—è —ç–∫–æ–Ω–æ–º–∏–∫–∞","1.00 / 1","","–î–∞","1.00 / 1","","4","0.00 / 1","","–ì–µ—Ä–±;–§–ª–∞–≥;–ì–∏–º–Ω","1.00 / 1","","–î–∞","1.00 / 1","","–ò–º–ø–∏—á–º–µ–Ω—Ç?","0.00 / 1","","–ù–µ—Ç","0.00 / 1","","3.7","-- / 1","","–ñ","-- / 1","","19","-- / 1","","–í –≥–æ—Ä–æ–¥–µ","-- / 0","","–†—É—Å—Å–∫–∏–π","-- / 0","","–ì–æ—Å—É–¥–∞—Ä—Å—Ç–≤–µ–Ω–Ω–∞—è","-- / 1","","–ì–∏–º–Ω–∞–∑–∏—è/–ª–∏—Ü–µ–π","-- / 0","","B2","-- / 0","","–û—Ç–ª–∏—á–Ω–∏–∫","-- / 0","","–î–∞","-- / 0","","–î–∞","-- / 0","","–ù–µ—Ç","-- / 1","","–ù–µ—Ç","-- / 1","","–ù–µ—Ç","-- / 1","","200 000 - 300 000","-- / 1","","–ù–µ—Ç","-- / 1","","–ù–æ–≤–æ—Å—Ç–Ω—ã–µ –ø–æ—Ä—Ç–∞–ª—ã –≤ –∏–Ω—Ç–µ—Ä–Ω–µ—Ç–µ","-- / 1","","–ù–µ—Ç","-- / 1","","–ù–µ—Ç","-- / 1","","–î–∞","-- / 1","","–ù–µ—Ç","-- / 1","","–ù–µ—Ç","-- / 1","","–ù–µ—Ç","-- / 1","","–°–∫–æ—Ä–µ–µ —É—Å—Ç—Ä–∞–∏–≤–∞–µ—Ç","-- / 1","","–î–∞","-- / 1",""
"2021/11/08 4:56:53 PM GMT+6","7.00 / 30","3","1.00 / 1","","–°—É–¥–µ–±–Ω–∞—è;–ö–æ–Ω—Å—Ç–∏—Ç—É—Ü–∏–æ–Ω–Ω–∞—è;–ó–∞–∫–æ–Ω–æ–¥–∞—Ç–µ–ª—å–Ω–∞—è","0.00 / 1","","6","0.00 / 1","","–°–µ–Ω–∞—Ç;–ú–∞–∂–∏–ª–∏—Å","1.00 / 1","","–ê—Å—Ö–∞—Ç –ê–π–º–∞–≥–∞–º–±–µ—Ç–æ–≤","0.00 / 1","","—Ä—ã–Ω–æ—á–Ω–∞—è —ç–∫–æ–Ω–æ–º–∏–∫–∞","1.00 / 1","","–î–∞","1.00 / 1","","2","1.00 / 1","","–ì–µ—Ä–±;–§–ª–∞–≥;–ì–∏–º–Ω","1.00 / 1","","–î–∞","1.00 / 1","","–ù–µ –∑–Ω–∞—é","0.00 / 1","","–ù–µ—Ç","0.00 / 1","","3.23","-- / 1","","–ú","-- / 1","","20","-- / 1","","–í –≥–æ—Ä–æ–¥–µ","-- / 0","","–†—É—Å—Å–∫–∏–π","-- / 0","","–ß–∞—Å—Ç–Ω–∞—è","-- / 1","","Haileybury/Miras/Galaxy/–¥—Ä—É–≥–∞—è —á–∞—Å—Ç–Ω–∞—è —à–∫–æ–ª–∞","-- / 0","","B1","-- / 0","","–£–¥–∞—Ä–Ω–∏–∫","-- / 0","","–ù–µ—Ç","-- / 0","","–ù–µ—Ç","-- / 0","","–ù–µ—Ç","-- / 1","","–ù–µ—Ç","-- / 1","","–î–∞","-- / 1","","500 000 –∏ –±–æ–ª—å—à–µ","-- / 1","","–ù–µ—Ç","-- / 1","","–ü–∞–±–ª–∏–∫–∏ –≤ —Å–æ—Ü —Å–µ—Ç—è—Ö","-- / 1","","–ù–µ—Ç","-- / 1","","–ù–µ—Ç","-- / 1","","–î–∞","-- / 1","","–ù–µ—Ç","-- / 1","","–ù–µ—Ç","-- / 1","","–ù–µ—Ç","-- / 1","","–°–∫–æ—Ä–µ–µ –Ω–µ —É—Å—Ç—Ä–∞–∏–≤–∞–µ—Ç","-- / 1","","–ù–µ—Ç","-- / 1",""
"2021/11/08 4:58:04 PM GMT+6","7.00 / 30","3","1.00 / 1","","–°—É–¥–µ–±–Ω–∞—è;–ö–æ–Ω—Å—Ç–∏—Ç—É—Ü–∏–æ–Ω–Ω–∞—è;–ó–∞–∫–æ–Ω–æ–¥–∞—Ç–µ–ª—å–Ω–∞—è","0.00 / 1","","4","0.00 / 1","","–°–µ–Ω–∞—Ç;–ö–æ–Ω–≥—Ä–µ—Å—Å;–ì–æ—Å—É–¥–∞—Ä—Å—Ç–≤–µ–Ω–Ω–∞—è –¥—É–º–∞;–ú–∞–∂–∏–ª–∏—Å","0.00 / 1","","–ê—Å—Ö–∞—Ç –ê–π–º–∞–≥–∞–º–±–µ—Ç–æ–≤","0.00 / 1","","—Ä—ã–Ω–æ—á–Ω–∞—è —ç–∫–æ–Ω–æ–º–∏–∫–∞","1.00 / 1","","–î–∞","1.00 / 1","","2","1.00 / 1","","–ì–µ—Ä–±;–§–ª–∞–≥;–ì–∏–º–Ω","1.00 / 1","","–î–∞","1.00 / 1","","–ò–º–ø–∏—á–º–µ–Ω—Ç","1.00 / 1","","–ù–µ—Ç","0.00 / 1","","3.03","-- / 1","","–ú","-- / 1","","19","-- / 1","","–í –≥–æ—Ä–æ–¥–µ","-- / 0","","–†—É—Å—Å–∫–∏–π","-- / 0","","–ß–∞—Å—Ç–Ω–∞—è","-- / 1","","–ì–∏–º–Ω–∞–∑–∏—è/–ª–∏—Ü–µ–π","-- / 0","","B2","-- / 0","","–£–¥–∞—Ä–Ω–∏–∫","-- / 0","","–ù–µ—Ç","-- / 0","","–ù–µ—Ç","-- / 0","","–î–∞","-- / 1","","–î–∞","-- / 1","","–î–∞","-- / 1","","400 000 - 500 000","-- / 1","","–î–∞","-- / 1","","–ù–æ–≤–æ—Å—Ç–Ω—ã–µ –ø–æ—Ä—Ç–∞–ª—ã –≤ –∏–Ω—Ç–µ—Ä–Ω–µ—Ç–µ","-- / 1","","–î–∞","-- / 1","","–ù–µ—Ç","-- / 1","","–ù–µ—Ç","-- / 1","","–î–∞","-- / 1","","–î–∞","-- / 1","","–î–∞","-- / 1","","–°–∫–æ—Ä–µ–µ –Ω–µ —É—Å—Ç—Ä–∞–∏–≤–∞–µ—Ç","-- / 1","","–î–∞","-- / 1",""
"2021/11/08 5:04:54 PM GMT+6","10.00 / 30","3","1.00 / 1","","–°—É–¥–µ–±–Ω–∞—è;–ó–∞–∫–æ–Ω–æ–¥–∞—Ç–µ–ª—å–Ω–∞—è;–ò—Å–ø–æ–ª–Ω–∏—Ç–µ–ª—å–Ω–∞—è","1.00 / 1","","6","0.00 / 1","","–°–µ–Ω–∞—Ç;–ú–∞–∂–∏–ª–∏—Å","1.00 / 1","","–ê—Å–∫–∞—Ä –ú–∞–º–∏–Ω","1.00 / 1","","—Ä—ã–Ω–æ—á–Ω–∞—è —ç–∫–æ–Ω–æ–º–∏–∫–∞","1.00 / 1","","–î–∞","1.00 / 1","","2","1.00 / 1","","–ì–µ—Ä–±;–§–ª–∞–≥;–ì–∏–º–Ω","1.00 / 1","","–î–∞","1.00 / 1","","–ò–º–ø–∏—á–º–µ–Ω—Ç","1.00 / 1","","–ù–µ—Ç","0.00 / 1","","-","-- / 1","","–ñ","-- / 1","","18","-- / 1","","–í –≥–æ—Ä–æ–¥–µ","-- / 0","","–†—É—Å—Å–∫–∏–π","-- / 0","","–ì–æ—Å—É–¥–∞—Ä—Å—Ç–≤–µ–Ω–Ω–∞—è","-- / 1","","–ù–ò–®/–ö–¢–õ/–†–§–ú–®","-- / 0","","B2","-- / 0","","–£–¥–∞—Ä–Ω–∏–∫","-- / 0","","–î–∞","-- / 0","","–î–∞","-- / 0","","–î–∞","-- / 1","","–î–∞","-- / 1","","–î–∞","-- / 1","","200 000 - 300 000","-- / 1","","–ù–µ—Ç","-- / 1","","–ü–∞–±–ª–∏–∫–∏ –≤ —Å–æ—Ü —Å–µ—Ç—è—Ö","-- / 1","","–ù–µ—Ç","-- / 1","","–ù–µ—Ç","-- / 1","","–ù–µ—Ç","-- / 1","","–ù–µ—Ç","-- / 1","","–ù–µ—Ç","-- / 1","","–ù–µ—Ç","-- / 1","","–°–∫–æ—Ä–µ–µ —É—Å—Ç—Ä–∞–∏–≤–∞–µ—Ç","-- / 1","","–î–∞","-- / 1",""
"2021/11/08 5:05:47 PM GMT+6","9.00 / 30","3","1.00 / 1","","–°—É–¥–µ–±–Ω–∞—è;–ö–æ–Ω—Å—Ç–∏—Ç—É—Ü–∏–æ–Ω–Ω–∞—è;–ó–∞–∫–æ–Ω–æ–¥–∞—Ç–µ–ª—å–Ω–∞—è","0.00 / 1","","5","1.00 / 1","","–°–µ–Ω–∞—Ç;–ú–∞–∂–∏–ª–∏—Å","1.00 / 1","","–ê—Å—Ö–∞—Ç –ê–π–º–∞–≥–∞–º–±–µ—Ç–æ–≤","0.00 / 1","","—Ä—ã–Ω–æ—á–Ω–∞—è —ç–∫–æ–Ω–æ–º–∏–∫–∞","1.00 / 1","","–î–∞","1.00 / 1","","2","1.00 / 1","","–ì–µ—Ä–±;–§–ª–∞–≥;–ì–∏–º–Ω","1.00 / 1","","–î–∞","1.00 / 1","","-","0.00 / 1","","–î–∞","1.00 / 1","","3.71","-- / 1","","–ñ","-- / 1","","20","-- / 1","","–í –≥–æ—Ä–æ–¥–µ","-- / 0","","–ö–∞–∑–∞—Ö—Å–∫–∏–π","-- / 0","","–ì–æ—Å—É–¥–∞—Ä—Å—Ç–≤–µ–Ω–Ω–∞—è","-- / 1","","–û–±—ã—á–Ω–∞—è —à–∫–æ–ª–∞","-- / 0","","A2","-- / 0","","–û—Ç–ª–∏—á–Ω–∏–∫","-- / 0","","–î–∞","-- / 0","","–î–∞","-- / 0","","–î–∞","-- / 1","","–î–∞","-- / 1","","–î–∞","-- / 1","","400 000 - 500 000","-- / 1","","–î–∞","-- / 1","","–ü–∞–±–ª–∏–∫–∏ –≤ —Å–æ—Ü —Å–µ—Ç—è—Ö","-- / 1","","–ù–µ—Ç","-- / 1","","–ù–µ—Ç","-- / 1","","–î–∞","-- / 1","","–ù–µ—Ç","-- / 1","","–ù–µ—Ç","-- / 1","","–î–∞","-- / 1","","–°–∫–æ—Ä–µ–µ —É—Å—Ç—Ä–∞–∏–≤–∞–µ—Ç","-- / 1","","–î–∞","-- / 1",""
"2021/11/08 5:08:24 PM GMT+6","7.00 / 30","2","0.00 / 1","","–ö–æ–Ω—Å—Ç–∏—Ç—É—Ü–∏–æ–Ω–Ω–∞—è;–ó–∞–∫–æ–Ω–æ–¥–∞—Ç–µ–ª—å–Ω–∞—è","0.00 / 1","","5","1.00 / 1","","–°–µ–Ω–∞—Ç;–ú–∞–∂–∏–ª–∏—Å","1.00 / 1","","–ê—Å–∫–∞—Ä –ú–∞–º–∏–Ω","1.00 / 1","","—Ä—ã–Ω–æ—á–Ω–∞—è —ç–∫–æ–Ω–æ–º–∏–∫–∞","1.00 / 1","","–î–∞","1.00 / 1","","4","0.00 / 1","","–ì–µ—Ä–±;–§–ª–∞–≥;–ì–∏–º–Ω","1.00 / 1","","–î–∞","1.00 / 1","","-","0.00 / 1","","–ù–µ—Ç","0.00 / 1","","2.6","-- / 1","","–ú","-- / 1","","21","-- / 1","","–í —Å–µ–ª–µ","-- / 0","","–ö–∞–∑–∞—Ö—Å–∫–∏–π","-- / 0","","–ì–æ—Å—É–¥–∞—Ä—Å—Ç–≤–µ–Ω–Ω–∞—è","-- / 1","","–û–±—ã—á–Ω–∞—è —à–∫–æ–ª–∞","-- / 0","","A0-A1","-- / 0","","–û—Ç–ª–∏—á–Ω–∏–∫","-- / 0","","–ù–µ—Ç","-- / 0","","–ù–µ—Ç","-- / 0","","–ù–µ—Ç","-- / 1","","–ù–µ—Ç","-- / 1","","–î–∞","-- / 1","","200 000 - 300 000","-- / 1","","–ù–µ—Ç","-- / 1","","–ù–æ–≤–æ—Å—Ç–Ω—ã–µ –ø–æ—Ä—Ç–∞–ª—ã –≤ –∏–Ω—Ç–µ—Ä–Ω–µ—Ç–µ","-- / 1","","–ù–µ—Ç","-- / 1","","–ù–µ—Ç","-- / 1","","–î–∞","-- / 1","","–ù–µ—Ç","-- / 1","","–î–∞","-- / 1","","–î–∞","-- / 1","","–ù–µ—Ç, –Ω–µ —É—Å—Ç—Ä–∞–∏–≤–∞–µ—Ç","-- / 1","","–ù–µ—Ç","-- / 1",""
"2021/11/08 5:41:12 PM GMT+6","11.00 / 30","3","1.00 / 1","","–°—É–¥–µ–±–Ω–∞—è;–ó–∞–∫–æ–Ω–æ–¥–∞—Ç–µ–ª—å–Ω–∞—è;–ò—Å–ø–æ–ª–Ω–∏—Ç–µ–ª—å–Ω–∞—è","1.00 / 1","","5","1.00 / 1","","–°–µ–Ω–∞—Ç;–ú–∞–∂–∏–ª–∏—Å","1.00 / 1","","–ê—Å–∫–∞—Ä –ú–∞–º–∏–Ω","1.00 / 1","","—Ä—ã–Ω–æ—á–Ω–∞—è —ç–∫–æ–Ω–æ–º–∏–∫–∞","1.00 / 1","","–î–∞","1.00 / 1","","2","1.00 / 1","","–ì–µ—Ä–±;–§–ª–∞–≥;–ì–∏–º–Ω","1.00 / 1","","–î–∞","1.00 / 1","","–ò–º–ø–∏—á–º–µ–Ω—Ç","1.00 / 1","","–ù–µ—Ç","0.00 / 1","","2.46","-- / 1","","–ú","-- / 1","","20","-- / 1","","–í –≥–æ—Ä–æ–¥–µ","-- / 0","","–†—É—Å—Å–∫–∏–π","-- / 0","","–ì–æ—Å—É–¥–∞—Ä—Å—Ç–≤–µ–Ω–Ω–∞—è","-- / 1","","–û–±—ã—á–Ω–∞—è —à–∫–æ–ª–∞","-- / 0","","C1-C2","-- / 0","","–£–¥–∞—Ä–Ω–∏–∫","-- / 0","","–î–∞","-- / 0","","–î–∞","-- / 0","","–î–∞","-- / 1","","–î–∞","-- / 1","","–î–∞","-- / 1","","500 000 –∏ –±–æ–ª—å—à–µ","-- / 1","","–ù–µ—Ç","-- / 1","","–ü–∞–±–ª–∏–∫–∏ –≤ —Å–æ—Ü —Å–µ—Ç—è—Ö","-- / 1","","–ù–µ—Ç","-- / 1","","–ù–µ—Ç","-- / 1","","–î–∞","-- / 1","","–ù–µ—Ç","-- / 1","","–î–∞","-- / 1","","–î–∞","-- / 1","","–°–∫–æ—Ä–µ–µ —É—Å—Ç—Ä–∞–∏–≤–∞–µ—Ç","-- / 1","","–î–∞","-- / 1",""
"2021/11/08 5:50:47 PM GMT+6","4.00 / 30","2","0.00 / 1","","–ö–æ–Ω—Å—Ç–∏—Ç—É—Ü–∏–æ–Ω–Ω–∞—è;–ó–∞–∫–æ–Ω–æ–¥–∞—Ç–µ–ª—å–Ω–∞—è","0.00 / 1","","5 –ª–µ—Ç","0.00 / 1","","–í–µ—Ä—Ö–Ω—è—è –ø–∞–ª–∞—Ç–∞;–ù–∏–∂–Ω—è—è –ø–∞–ª–∞—Ç–∞;–ú–∞–∂–∏–ª–∏—Å","0.00 / 1","","–ê–ª–∏—Ö–∞–Ω –°–º–∞–∏–ª–æ–≤","0.00 / 1","","—Ä—ã–Ω–æ—á–Ω–∞—è —ç–∫–æ–Ω–æ–º–∏–∫–∞","1.00 / 1","","–ù–µ—Ç","0.00 / 1","","2","1.00 / 1","","–ì–µ—Ä–±;–§–ª–∞–≥;–ì–∏–º–Ω","1.00 / 1","","–î–∞","1.00 / 1","","–û—Ç—Å—Ç—Ä–∞–Ω–µ–Ω–∏–µ –æ—Ç –¥–æ–ª–∂–Ω–æ—Å—Ç–Ω—ã—Ö –æ–±—è–∑–∞–Ω–Ω–æ—Å—Ç–µ–π? üòÇüòÇüòÇüòÇ","0.00 / 1","","–ù–µ—Ç","0.00 / 1","","2.0","-- / 1","","–ú","-- / 1","","18","-- / 1","","–í –≥–æ—Ä–æ–¥–µ","-- / 0","","–†—É—Å—Å–∫–∏–π","-- / 0","","–ì–æ—Å—É–¥–∞—Ä—Å—Ç–≤–µ–Ω–Ω–∞—è","-- / 1","","–ì–∏–º–Ω–∞–∑–∏—è/–ª–∏—Ü–µ–π","-- / 0","","B2","-- / 0","","–£–¥–∞—Ä–Ω–∏–∫","-- / 0","","–ù–µ—Ç","-- / 0","","–î–∞","-- / 0","","–î–∞","-- / 1","","–ù–µ—Ç","-- / 1","","–î–∞","-- / 1","","300 000 - 400 000","-- / 1","","–ù–µ—Ç","-- / 1","","–ü–∞–±–ª–∏–∫–∏ –≤ —Å–æ—Ü —Å–µ—Ç—è—Ö","-- / 1","","–ù–µ—Ç","-- / 1","","–ù–µ—Ç","-- / 1","","–î–∞","-- / 1","","–ù–µ—Ç","-- / 1","","–ù–µ—Ç","-- / 1","","–î–∞","-- / 1","","–°–∫–æ—Ä–µ–µ —É—Å—Ç—Ä–∞–∏–≤–∞–µ—Ç","-- / 1","","–î–∞","-- / 1",""
"2021/11/08 6:04:53 PM GMT+6","8.00 / 30","4","0.00 / 1","","–°—É–¥–µ–±–Ω–∞—è;–ó–∞–∫–æ–Ω–æ–¥–∞—Ç–µ–ª—å–Ω–∞—è;–ò—Å–ø–æ–ª–Ω–∏—Ç–µ–ª—å–Ω–∞—è;–†–µ–≥—É–ª–∏—Ä—É—é—â–∞—è","0.00 / 1","","4","0.00 / 1","","–í–µ—Ä—Ö–Ω—è—è –ø–∞–ª–∞—Ç–∞;–°–µ–Ω–∞—Ç;–ú–∞–∂–∏–ª–∏—Å","0.00 / 1","","–ê—Å–∫–∞—Ä –ú–∞–º–∏–Ω","1.00 / 1","","—Ä—ã–Ω–æ—á–Ω–∞—è —ç–∫–æ–Ω–æ–º–∏–∫–∞","1.00 / 1","","–î–∞","1.00 / 1","","2","1.00 / 1","","–ì–µ—Ä–±;–§–ª–∞–≥;–ì–∏–º–Ω","1.00 / 1","","–î–∞","1.00 / 1","","–ò–º–ø–∏—á–º–µ–Ω—Ç ","1.00 / 1","","–î–∞","1.00 / 1","","1.65","-- / 1","","–ú","-- / 1","","20","-- / 1","","–í –≥–æ—Ä–æ–¥–µ","-- / 0","","–†—É—Å—Å–∫–∏–π","-- / 0","","–ì–æ—Å—É–¥–∞—Ä—Å—Ç–≤–µ–Ω–Ω–∞—è","-- / 1","","–ì–∏–º–Ω–∞–∑–∏—è/–ª–∏—Ü–µ–π","-- / 0","","A0-A1","-- / 0","","–û—Ç–ª–∏—á–Ω–∏–∫","-- / 0","","–î–∞","-- / 0","","–î–∞","-- / 0","","–î–∞","-- / 1","","–ù–µ—Ç","-- / 1","","–ù–µ—Ç","-- / 1","","200 000 - 300 000","-- / 1","","–î–∞","-- / 1","","–ü–∞–±–ª–∏–∫–∏ –≤ —Å–æ—Ü —Å–µ—Ç—è—Ö","-- / 1","","–ù–µ—Ç","-- / 1","","–ù–µ—Ç","-- / 1","","–ù–µ—Ç","-- / 1","","–î–∞","-- / 1","","–î–∞","-- / 1","","–î–∞","-- / 1","","–°–∫–æ—Ä–µ–µ —É—Å—Ç—Ä–∞–∏–≤–∞–µ—Ç","-- / 1","","–î–∞","-- / 1",""
"2021/11/08 6:12:25 PM GMT+6","9.00 / 30","3","1.00 / 1","","–°—É–¥–µ–±–Ω–∞—è;–ó–∞–∫–æ–Ω–æ–¥–∞—Ç–µ–ª—å–Ω–∞—è;–ò—Å–ø–æ–ª–Ω–∏—Ç–µ–ª—å–Ω–∞—è","1.00 / 1","","4","0.00 / 1","","–í–µ—Ä—Ö–Ω—è—è –ø–∞–ª–∞—Ç–∞;–°–µ–Ω–∞—Ç;–ù–∏–∂–Ω—è—è –ø–∞–ª–∞—Ç–∞;–ú–∞–∂–∏–ª–∏—Å","0.00 / 1","","–ê—Å–∫–∞—Ä –ú–∞–º–∏–Ω","1.00 / 1","","—Ä—ã–Ω–æ—á–Ω–∞—è —ç–∫–æ–Ω–æ–º–∏–∫–∞","1.00 / 1","","–î–∞","1.00 / 1","","2","1.00 / 1","","–ì–µ—Ä–±;–§–ª–∞–≥;–ì–∏–º–Ω","1.00 / 1","","–î–∞","1.00 / 1","","–ò–º–ø–∏—á–º–µ–Ω—Ç","1.00 / 1","","–ù–µ—Ç","0.00 / 1","","3.0","-- / 1","","–ñ","-- / 1","","18","-- / 1","","–í –≥–æ—Ä–æ–¥–µ","-- / 0","","–ö–∞–∑–∞—Ö—Å–∫–∏–π","-- / 0","","–ì–æ—Å—É–¥–∞—Ä—Å—Ç–≤–µ–Ω–Ω–∞—è","-- / 1","","–ì–∏–º–Ω–∞–∑–∏—è/–ª–∏—Ü–µ–π","-- / 0","","B2","-- / 0","","–û—Ç–ª–∏—á–Ω–∏–∫","-- / 0","","–î–∞","-- / 0","","–ù–µ—Ç","-- / 0","","–î–∞","-- / 1","","–î–∞","-- / 1","","–ù–µ—Ç","-- / 1","","500 000 –∏ –±–æ–ª—å—à–µ","-- / 1","","–î–∞","-- / 1","","–ü–∞–±–ª–∏–∫–∏ –≤ —Å–æ—Ü —Å–µ—Ç—è—Ö","-- / 1","","–ù–µ—Ç","-- / 1","","–ù–µ—Ç","-- / 1","","–î–∞","-- / 1","","–ù–µ—Ç","-- / 1","","–î–∞","-- / 1","","–î–∞","-- / 1","","–°–∫–æ—Ä–µ–µ —É—Å—Ç—Ä–∞–∏–≤–∞–µ—Ç","-- / 1","","–î–∞","-- / 1",""
"2021/11/08 6:12:57 PM GMT+6","8.00 / 30","3","1.00 / 1","","–°—É–¥–µ–±–Ω–∞—è;–ó–∞–∫–æ–Ω–æ–¥–∞—Ç–µ–ª—å–Ω–∞—è;–ò—Å–ø–æ–ª–Ω–∏—Ç–µ–ª—å–Ω–∞—è","1.00 / 1","","5","1.00 / 1","","–°–µ–Ω–∞—Ç;–ú–∞–∂–∏–ª–∏—Å","1.00 / 1","","–ê–ª–∏—Ö–∞–Ω –°–º–∞–∏–ª–æ–≤","0.00 / 1","","—Ç—Ä–∞–¥–∏—Ü–∏–æ–Ω–Ω–∞—è —ç–∫–æ–Ω–æ–º–∏–∫–∞","0.00 / 1","","–î–∞","1.00 / 1","","4","0.00 / 1","","–ì–µ—Ä–±;–§–ª–∞–≥;–ì–∏–º–Ω","1.00 / 1","","–î–∞","1.00 / 1","","–ò–º–ø–∏—á–º–µ–Ω—Ç","1.00 / 1","","–ù–µ—Ç","0.00 / 1","","3.71","-- / 1","","–ú","-- / 1","","18","-- / 1","","–í –≥–æ—Ä–æ–¥–µ","-- / 0","","–ö–∞–∑–∞—Ö—Å–∫–∏–π","-- / 0","","–ì–æ—Å—É–¥–∞—Ä—Å—Ç–≤–µ–Ω–Ω–∞—è","-- / 1","","–ì–∏–º–Ω–∞–∑–∏—è/–ª–∏—Ü–µ–π","-- / 0","","B1","-- / 0","","–£–¥–∞—Ä–Ω–∏–∫","-- / 0","","–ù–µ—Ç","-- / 0","","–ù–µ—Ç","-- / 0","","–ù–µ—Ç","-- / 1","","–î–∞","-- / 1","","–î–∞","-- / 1","","200 000 - 300 000","-- / 1","","–î–∞","-- / 1","","–ü–∞–±–ª–∏–∫–∏ –≤ —Å–æ—Ü —Å–µ—Ç—è—Ö","-- / 1","","–ù–µ—Ç","-- / 1","","–ù–µ—Ç","-- / 1","","–î–∞","-- / 1","","–ù–µ—Ç","-- / 1","","–ù–µ—Ç","-- / 1","","–î–∞","-- / 1","","–°–∫–æ—Ä–µ–µ –Ω–µ —É—Å—Ç—Ä–∞–∏–≤–∞–µ—Ç","-- / 1","","–î–∞","-- / 1",""
"2021/11/08 6:13:54 PM GMT+6","7.00 / 30","3","1.00 / 1","","–ó–∞–∫–æ–Ω–æ–¥–∞—Ç–µ–ª—å–Ω–∞—è;–ò—Å–ø–æ–ª–Ω–∏—Ç–µ–ª—å–Ω–∞—è;–†–µ–≥—É–ª–∏—Ä—É—é—â–∞—è","0.00 / 1","","4","0.00 / 1","","–í–µ—Ä—Ö–Ω—è—è –ø–∞–ª–∞—Ç–∞;–ù–∏–∂–Ω—è—è –ø–∞–ª–∞—Ç–∞","0.00 / 1","","–ù—É—Ä–ª–∞–Ω –ù–∏–≥–º–∞—Ç—É–ª–∏–Ω","0.00 / 1","","—Ä—ã–Ω–æ—á–Ω–∞—è —ç–∫–æ–Ω–æ–º–∏–∫–∞","1.00 / 1","","–î–∞","1.00 / 1","","2","1.00 / 1","","–ì–µ—Ä–±;–§–ª–∞–≥;–ì–∏–º–Ω","1.00 / 1","","–î–∞","1.00 / 1","","–∏–º–ø–∏—á–º–µ–Ω—Ç","1.00 / 1","","–ù–µ—Ç","0.00 / 1","","1.97","-- / 1","","–ú","-- / 1","","19","-- / 1","","–í –≥–æ—Ä–æ–¥–µ","-- / 0","","–ö–∞–∑–∞—Ö—Å–∫–∏–π","-- / 0","","–ì–æ—Å—É–¥–∞—Ä—Å—Ç–≤–µ–Ω–Ω–∞—è","-- / 1","","–ì–∏–º–Ω–∞–∑–∏—è/–ª–∏—Ü–µ–π","-- / 0","","B1","-- / 0","","–£–¥–∞—Ä–Ω–∏–∫","-- / 0","","–ù–µ—Ç","-- / 0","","–ù–µ—Ç","-- / 0","","–î–∞","-- / 1","","–î–∞","-- / 1","","–î–∞","-- / 1","","500 000 –∏ –±–æ–ª—å—à–µ","-- / 1","","–ù–µ—Ç","-- / 1","","–ü–∞–±–ª–∏–∫–∏ –≤ —Å–æ—Ü —Å–µ—Ç—è—Ö","-- / 1","","–ù–µ—Ç","-- / 1","","–ù–µ—Ç","-- / 1","","–î–∞","-- / 1","","–î–∞","-- / 1","","–î–∞","-- / 1","","–ù–µ—Ç","-- / 1","","–°–∫–æ—Ä–µ–µ –Ω–µ —É—Å—Ç—Ä–∞–∏–≤–∞–µ—Ç","-- / 1","","–î–∞","-- / 1",""
"2021/11/08 6:20:41 PM GMT+6","12.00 / 30","3","1.00 / 1","","–°—É–¥–µ–±–Ω–∞—è;–ó–∞–∫–æ–Ω–æ–¥–∞—Ç–µ–ª—å–Ω–∞—è;–ò—Å–ø–æ–ª–Ω–∏—Ç–µ–ª—å–Ω–∞—è","1.00 / 1","","5","1.00 / 1","","–°–µ–Ω–∞—Ç;–ú–∞–∂–∏–ª–∏—Å","1.00 / 1","","–ê—Å–∫–∞—Ä –ú–∞–º–∏–Ω","1.00 / 1","","—Ä—ã–Ω–æ—á–Ω–∞—è —ç–∫–æ–Ω–æ–º–∏–∫–∞","1.00 / 1","","–î–∞","1.00 / 1","","2","1.00 / 1","","–ì–µ—Ä–±;–§–ª–∞–≥;–ì–∏–º–Ω","1.00 / 1","","–î–∞","1.00 / 1","","–ò–º–ø–∏—á–º–µ–Ω—Ç","1.00 / 1","","–î–∞","1.00 / 1","","2.93","-- / 1","","–ú","-- / 1","","18","-- / 1","","–í –≥–æ—Ä–æ–¥–µ","-- / 0","","–†—É—Å—Å–∫–∏–π","-- / 0","","–ì–æ—Å—É–¥–∞—Ä—Å—Ç–≤–µ–Ω–Ω–∞—è","-- / 1","","–ì–∏–º–Ω–∞–∑–∏—è/–ª–∏—Ü–µ–π","-- / 0","","A0-A1","-- / 0","","–¢—Ä–æ–µ—á–Ω–∏–∫","-- / 0","","–ù–µ—Ç","-- / 0","","–î–∞","-- / 0","","–î–∞","-- / 1","","–î–∞","-- / 1","","–î–∞","-- / 1","","200 000 - 300 000","-- / 1","","–ù–µ—Ç","-- / 1","","–ù–æ–≤–æ—Å—Ç–Ω—ã–µ –ø–æ—Ä—Ç–∞–ª—ã –≤ –∏–Ω—Ç–µ—Ä–Ω–µ—Ç–µ","-- / 1","","–ù–µ—Ç","-- / 1","","–ù–µ—Ç","-- / 1","","–ù–µ—Ç","-- / 1","","–ù–µ—Ç","-- / 1","","–ù–µ—Ç","-- / 1","","–ù–µ—Ç","-- / 1","","–î–∞, —É—Å—Ç—Ä–∞–∏–≤–∞–µ—Ç","-- / 1","","–î–∞","-- / 1",""
"2021/11/08 6:21:52 PM GMT+6","7.00 / 30","3 –æ—Ñ–∏—Ü–∏–∞–ª—å–Ω—ã—Ö, 4 - —Å–º–∏","0.00 / 1","","–°—É–¥–µ–±–Ω–∞—è;–ó–∞–∫–æ–Ω–æ–¥–∞—Ç–µ–ª—å–Ω–∞—è;–ò—Å–ø–æ–ª–Ω–∏—Ç–µ–ª—å–Ω–∞—è","1.00 / 1","","7/5","0.00 / 1","","–í–µ—Ä—Ö–Ω—è—è –ø–∞–ª–∞—Ç–∞;–°–µ–Ω–∞—Ç;–ù–∏–∂–Ω—è—è –ø–∞–ª–∞—Ç–∞;–ú–∞–∂–∏–ª–∏—Å","0.00 / 1","","–ê—Å–∫–∞—Ä –ú–∞–º–∏–Ω","1.00 / 1","","—Ä—ã–Ω–æ—á–Ω–∞—è —ç–∫–æ–Ω–æ–º–∏–∫–∞","1.00 / 1","","–î–∞","1.00 / 1","","-","0.00 / 1","","–ì–µ—Ä–±;–§–ª–∞–≥;–ì–∏–º–Ω","1.00 / 1","","–î–∞","1.00 / 1","","–∏–º–ø–∏—á–º–µ–Ω—Ç","1.00 / 1","","–ù–µ—Ç","0.00 / 1","","2.61","-- / 1","","–ñ","-- / 1","","20","-- / 1","","–í –≥–æ—Ä–æ–¥–µ","-- / 0","","–ö–∞–∑–∞—Ö—Å–∫–∏–π","-- / 0","","–ì–æ—Å—É–¥–∞—Ä—Å—Ç–≤–µ–Ω–Ω–∞—è","-- / 1","","–ù–ò–®/–ö–¢–õ/–†–§–ú–®","-- / 0","","B2","-- / 0","","–û—Ç–ª–∏—á–Ω–∏–∫","-- / 0","","–ù–µ—Ç","-- / 0","","–ù–µ—Ç","-- / 0","","–î–∞","-- / 1","","–î–∞","-- / 1","","–î–∞","-- / 1","","400 000 - 500 000","-- / 1","","–î–∞","-- / 1","","–ù–æ–≤–æ—Å—Ç–Ω—ã–µ –ø–æ—Ä—Ç–∞–ª—ã –≤ –∏–Ω—Ç–µ—Ä–Ω–µ—Ç–µ","-- / 1","","–ù–µ—Ç","-- / 1","","–ù–µ—Ç","-- / 1","","–î–∞","-- / 1","","–î–∞","-- / 1","","–î–∞","-- / 1","","–î–∞","-- / 1","","–ù–µ—Ç, –Ω–µ —É—Å—Ç—Ä–∞–∏–≤–∞–µ—Ç","-- / 1","","–î–∞","-- / 1",""
"2021/11/08 6:32:03 PM GMT+6","9.00 / 30","3","1.00 / 1","","–°—É–¥–µ–±–Ω–∞—è;–ö–æ–Ω—Å—Ç–∏—Ç—É—Ü–∏–æ–Ω–Ω–∞—è;–ò—Å–ø–æ–ª–Ω–∏—Ç–µ–ª—å–Ω–∞—è","0.00 / 1","","4","0.00 / 1","","–°–µ–Ω–∞—Ç;–ú–∞–∂–∏–ª–∏—Å","1.00 / 1","","–ê—Å–∫–∞—Ä –ú–∞–º–∏–Ω","1.00 / 1","","—Ç—Ä–∞–¥–∏—Ü–∏–æ–Ω–Ω–∞—è —ç–∫–æ–Ω–æ–º–∏–∫–∞","0.00 / 1","","–î–∞","1.00 / 1","","2","1.00 / 1","","–ì–µ—Ä–±;–§–ª–∞–≥;–ì–∏–º–Ω","1.00 / 1","","–î–∞","1.00 / 1","","–∏–º–ø–∏—á–º–µ–Ω—Ç ","1.00 / 1","","–î–∞","1.00 / 1","","3.73","-- / 1","","–ú","-- / 1","","18","-- / 1","","–í –≥–æ—Ä–æ–¥–µ","-- / 0","","–ö–∞–∑–∞—Ö—Å–∫–∏–π","-- / 0","","–ì–æ—Å—É–¥–∞—Ä—Å—Ç–≤–µ–Ω–Ω–∞—è","-- / 1","","–ì–∏–º–Ω–∞–∑–∏—è/–ª–∏—Ü–µ–π","-- / 0","","A2","-- / 0","","–û—Ç–ª–∏—á–Ω–∏–∫","-- / 0","","–ù–µ—Ç","-- / 0","","–î–∞","-- / 0","","–ù–µ—Ç","-- / 1","","–î–∞","-- / 1","","–î–∞","-- / 1","","300 000 - 400 000","-- / 1","","–î–∞","-- / 1","","–ü–∞–±–ª–∏–∫–∏ –≤ —Å–æ—Ü —Å–µ—Ç—è—Ö","-- / 1","","–ù–µ—Ç","-- / 1","","–ù–µ—Ç","-- / 1","","–î–∞","-- / 1","","–ù–µ—Ç","-- / 1","","–ù–µ—Ç","-- / 1","","–î–∞","-- / 1","","–°–∫–æ—Ä–µ–µ —É—Å—Ç—Ä–∞–∏–≤–∞–µ—Ç","-- / 1","","–î–∞","-- / 1",""
"2021/11/08 6:35:54 PM GMT+6","8.00 / 30","3","1.00 / 1","","–°—É–¥–µ–±–Ω–∞—è;–ó–∞–∫–æ–Ω–æ–¥–∞—Ç–µ–ª—å–Ω–∞—è;–ò—Å–ø–æ–ª–Ω–∏—Ç–µ–ª—å–Ω–∞—è","1.00 / 1","","5","1.00 / 1","","–°–µ–Ω–∞—Ç;–ú–∞–∂–∏–ª–∏—Å","1.00 / 1","","–ê—Å—Ö–∞—Ç –ê–π–º–∞–≥–∞–º–±–µ—Ç–æ–≤","0.00 / 1","","—Ä—ã–Ω–æ—á–Ω–∞—è —ç–∫–æ–Ω–æ–º–∏–∫–∞","1.00 / 1","","–î–∞","1.00 / 1","","3","0.00 / 1","","–ì–µ—Ä–±;–§–ª–∞–≥;–ì–∏–º–Ω","1.00 / 1","","–ù–µ—Ç","0.00 / 1","","–û—Ç—Ä–µ—à–µ–Ω–∏–µ","0.00 / 1","","–î–∞","1.00 / 1","","2.9","-- / 1","","–ñ","-- / 1","","21","-- / 1","","–í –≥–æ—Ä–æ–¥–µ","-- / 0","","–ö–∞–∑–∞—Ö—Å–∫–∏–π","-- / 0","","–ì–æ—Å—É–¥–∞—Ä—Å—Ç–≤–µ–Ω–Ω–∞—è","-- / 1","","–ì–∏–º–Ω–∞–∑–∏—è/–ª–∏—Ü–µ–π","-- / 0","","A0-A1","-- / 0","","–£–¥–∞—Ä–Ω–∏–∫","-- / 0","","–ù–µ—Ç","-- / 0","","–ù–µ—Ç","-- / 0","","–î–∞","-- / 1","","–ù–µ—Ç","-- / 1","","–î–∞","-- / 1","","300 000 - 400 000","-- / 1","","–ù–µ—Ç","-- / 1","","–ü–∞–±–ª–∏–∫–∏ –≤ —Å–æ—Ü —Å–µ—Ç—è—Ö","-- / 1","","–ù–µ—Ç","-- / 1","","–ù–µ—Ç","-- / 1","","–î–∞","-- / 1","","–ù–µ—Ç","-- / 1","","–ù–µ—Ç","-- / 1","","–ù–µ—Ç","-- / 1","","–ó–∞—Ç—Ä—É–¥–Ω—è—é—Å—å –æ—Ç–≤–µ—Ç–∏—Ç—å","-- / 1","","–î–∞","-- / 1",""
"2021/11/08 6:41:02 PM GMT+6","9.00 / 30","3","1.00 / 1","","–°—É–¥–µ–±–Ω–∞—è;–ó–∞–∫–æ–Ω–æ–¥–∞—Ç–µ–ª—å–Ω–∞—è;–ò—Å–ø–æ–ª–Ω–∏—Ç–µ–ª—å–Ω–∞—è","1.00 / 1","","5","1.00 / 1","","–°–µ–Ω–∞—Ç;–ú–∞–∂–∏–ª–∏—Å","1.00 / 1","","–ë–∞–≥–¥–∞—Ç –ú—É—Å–∏–Ω","0.00 / 1","","—Ä—ã–Ω–æ—á–Ω–∞—è —ç–∫–æ–Ω–æ–º–∏–∫–∞","1.00 / 1","","–î–∞","1.00 / 1","","-","0.00 / 1","","–ì–µ—Ä–±;–§–ª–∞–≥;–ì–∏–º–Ω","1.00 / 1","","–î–∞","1.00 / 1","","–∏–º–ø–∏—á–º–µ–Ω—Ç","1.00 / 1","","–ù–µ—Ç","0.00 / 1","","2.8","-- / 1","","–ñ","-- / 1","","19","-- / 1","","–í –≥–æ—Ä–æ–¥–µ","-- / 0","","–ö–∞–∑–∞—Ö—Å–∫–∏–π","-- / 0","","–ì–æ—Å—É–¥–∞—Ä—Å—Ç–≤–µ–Ω–Ω–∞—è","-- / 1","","–ì–∏–º–Ω–∞–∑–∏—è/–ª–∏—Ü–µ–π","-- / 0","","B2","-- / 0","","–£–¥–∞—Ä–Ω–∏–∫","-- / 0","","–î–∞","-- / 0","","–î–∞","-- / 0","","–ù–µ—Ç","-- / 1","","–î–∞","-- / 1","","–î–∞","-- / 1","","400 000 - 500 000","-- / 1","","–î–∞","-- / 1","","–ü–∞–±–ª–∏–∫–∏ –≤ —Å–æ—Ü —Å–µ—Ç—è—Ö","-- / 1","","–ù–µ—Ç","-- / 1","","–ù–µ—Ç","-- / 1","","–î–∞","-- / 1","","–î–∞","-- / 1","","–ù–µ—Ç","-- / 1","","–î–∞","-- / 1","","–°–∫–æ—Ä–µ–µ —É—Å—Ç—Ä–∞–∏–≤–∞–µ—Ç","-- / 1","","–î–∞","-- / 1",""
"2021/11/08 6:51:01 PM GMT+6","12.00 / 30","3","1.00 / 1","","–°—É–¥–µ–±–Ω–∞—è;–ó–∞–∫–æ–Ω–æ–¥–∞—Ç–µ–ª—å–Ω–∞—è;–ò—Å–ø–æ–ª–Ω–∏—Ç–µ–ª—å–Ω–∞—è","1.00 / 1","","5","1.00 / 1","","–°–µ–Ω–∞—Ç;–ú–∞–∂–∏–ª–∏—Å","1.00 / 1","","–ê—Å–∫–∞—Ä –ú–∞–º–∏–Ω","1.00 / 1","","—Ä—ã–Ω–æ—á–Ω–∞—è —ç–∫–æ–Ω–æ–º–∏–∫–∞","1.00 / 1","","–î–∞","1.00 / 1","","2","1.00 / 1","","–ì–µ—Ä–±;–§–ª–∞–≥;–ì–∏–º–Ω","1.00 / 1","","–î–∞","1.00 / 1","","–ò–º–ø–∏—á–º–µ–Ω—Ç","1.00 / 1","","–î–∞","1.00 / 1","","2.37","-- / 1","","–ú","-- / 1","","20","-- / 1","","–í –≥–æ—Ä–æ–¥–µ","-- / 0","","–†—É—Å—Å–∫–∏–π","-- / 0","","–ì–æ—Å—É–¥–∞—Ä—Å—Ç–≤–µ–Ω–Ω–∞—è","-- / 1","","–û–±—ã—á–Ω–∞—è —à–∫–æ–ª–∞","-- / 0","","C1-C2","-- / 0","","–£–¥–∞—Ä–Ω–∏–∫","-- / 0","","–ù–µ—Ç","-- / 0","","–ù–µ—Ç","-- / 0","","–î–∞","-- / 1","","–î–∞","-- / 1","","–î–∞","-- / 1","","300 000 - 400 000","-- / 1","","–î–∞","-- / 1","","–ù–æ–≤–æ—Å—Ç–Ω—ã–µ –ø–æ—Ä—Ç–∞–ª—ã –≤ –∏–Ω—Ç–µ—Ä–Ω–µ—Ç–µ","-- / 1","","–ù–µ—Ç","-- / 1","","–ù–µ—Ç","-- / 1","","–î–∞","-- / 1","","–î–∞","-- / 1","","–î–∞","-- / 1","","–î–∞","-- / 1","","–°–∫–æ—Ä–µ–µ –Ω–µ —É—Å—Ç—Ä–∞–∏–≤–∞–µ—Ç","-- / 1","","–î–∞","-- / 1",""
"2021/11/08 7:11:25 PM GMT+6","6.00 / 30","3","1.00 / 1","","–ö–æ–Ω—Å—Ç–∏—Ç—É—Ü–∏–æ–Ω–Ω–∞—è;–ó–∞–∫–æ–Ω–æ–¥–∞—Ç–µ–ª—å–Ω–∞—è","0.00 / 1","","5","1.00 / 1","","–°–µ–Ω–∞—Ç;–ö–æ–Ω–≥—Ä–µ—Å—Å;–ú–∞–∂–∏–ª–∏—Å","0.00 / 1","","–ê—Å–∫–∞—Ä –ú–∞–º–∏–Ω","1.00 / 1","","—Ç—Ä–∞–¥–∏—Ü–∏–æ–Ω–Ω–∞—è —ç–∫–æ–Ω–æ–º–∏–∫–∞","0.00 / 1","","–ù–µ—Ç","0.00 / 1","","2","1.00 / 1","","–ì–µ—Ä–±;–§–ª–∞–≥","0.00 / 1","","–î–∞","1.00 / 1","","–ò–º–ø–∏—á–º–µ–Ω—Ç","1.00 / 1","","–ù–µ—Ç","0.00 / 1","","2.9","-- / 1","","–ú","-- / 1","","19","-- / 1","","–í —Å–µ–ª–µ","-- / 0","","–ö–∞–∑–∞—Ö—Å–∫–∏–π","-- / 0","","–ì–æ—Å—É–¥–∞—Ä—Å—Ç–≤–µ–Ω–Ω–∞—è","-- / 1","","–û–±—ã—á–Ω–∞—è —à–∫–æ–ª–∞","-- / 0","","A2","-- / 0","","–£–¥–∞—Ä–Ω–∏–∫","-- / 0","","–ù–µ—Ç","-- / 0","","–î–∞","-- / 0","","–î–∞","-- / 1","","–ù–µ—Ç","-- / 1","","–î–∞","-- / 1","","200 000 - 300 000","-- / 1","","–î–∞","-- / 1","","–ù–æ–≤–æ—Å—Ç–Ω—ã–µ –ø–æ—Ä—Ç–∞–ª—ã –≤ –∏–Ω—Ç–µ—Ä–Ω–µ—Ç–µ","-- / 1","","–ù–µ—Ç","-- / 1","","–ù–µ—Ç","-- / 1","","–î–∞","-- / 1","","–î–∞","-- / 1","","–î–∞","-- / 1","","–î–∞","-- / 1","","–°–∫–æ—Ä–µ–µ —É—Å—Ç—Ä–∞–∏–≤–∞–µ—Ç","-- / 1","","–î–∞","-- / 1",""
"2021/11/08 7:16:28 PM GMT+6","12.00 / 30","3","1.00 / 1","","–°—É–¥–µ–±–Ω–∞—è;–ó–∞–∫–æ–Ω–æ–¥–∞—Ç–µ–ª—å–Ω–∞—è;–ò—Å–ø–æ–ª–Ω–∏—Ç–µ–ª—å–Ω–∞—è","1.00 / 1","","5","1.00 / 1","","–°–µ–Ω–∞—Ç;–ú–∞–∂–∏–ª–∏—Å","1.00 / 1","","–ê—Å–∫–∞—Ä –ú–∞–º–∏–Ω","1.00 / 1","","—Ä—ã–Ω–æ—á–Ω–∞—è —ç–∫–æ–Ω–æ–º–∏–∫–∞","1.00 / 1","","–î–∞","1.00 / 1","","2","1.00 / 1","","–ì–µ—Ä–±;–§–ª–∞–≥;–ì–∏–º–Ω","1.00 / 1","","–î–∞","1.00 / 1","","–ò–º–ø–∏—á–º–µ–Ω—Ç","1.00 / 1","","–î–∞","1.00 / 1","","3.65","-- / 1","","–ñ","-- / 1","","19","-- / 1","","–í –≥–æ—Ä–æ–¥–µ","-- / 0","","–†—É—Å—Å–∫–∏–π","-- / 0","","–ì–æ—Å—É–¥–∞—Ä—Å—Ç–≤–µ–Ω–Ω–∞—è","-- / 1","","–ì–∏–º–Ω–∞–∑–∏—è/–ª–∏—Ü–µ–π","-- / 0","","B1","-- / 0","","–û—Ç–ª–∏—á–Ω–∏–∫","-- / 0","","–î–∞","-- / 0","","–ù–µ—Ç","-- / 0","","–ù–µ—Ç","-- / 1","","–ù–µ—Ç","-- / 1","","–î–∞","-- / 1","","100 000 - 200 000","-- / 1","","–î–∞","-- / 1","","–ù–æ–≤–æ—Å—Ç–Ω—ã–µ –ø–æ—Ä—Ç–∞–ª—ã –≤ –∏–Ω—Ç–µ—Ä–Ω–µ—Ç–µ","-- / 1","","–ù–µ—Ç","-- / 1","","–ù–µ—Ç","-- / 1","","–î–∞","-- / 1","","–ù–µ—Ç","-- / 1","","–î–∞","-- / 1","","–ù–µ—Ç","-- / 1","","–ó–∞—Ç—Ä—É–¥–Ω—è—é—Å—å –æ—Ç–≤–µ—Ç–∏—Ç—å","-- / 1","","–î–∞","-- / 1",""
"2021/11/08 7:30:38 PM GMT+6","7.00 / 30","2","0.00 / 1","","–°—É–¥–µ–±–Ω–∞—è;–ò—Å–ø–æ–ª–Ω–∏—Ç–µ–ª—å–Ω–∞—è","0.00 / 1","","6","0.00 / 1","","–°–µ–Ω–∞—Ç;–ú–∞–∂–∏–ª–∏—Å","1.00 / 1","","–ê—Å–∫–∞—Ä –ú–∞–º–∏–Ω","1.00 / 1","","—Ä—ã–Ω–æ—á–Ω–∞—è —ç–∫–æ–Ω–æ–º–∏–∫–∞","1.00 / 1","","–î–∞","1.00 / 1","","1","0.00 / 1","","–ì–µ—Ä–±;–§–ª–∞–≥;–ì–∏–º–Ω","1.00 / 1","","–î–∞","1.00 / 1","","–ù–µ –∑–Ω–∞—é","0.00 / 1","","–î–∞","1.00 / 1","","3.07","-- / 1","","–ú","-- / 1","","19","-- / 1","","–í —Å–µ–ª–µ","-- / 0","","–†—É—Å—Å–∫–∏–π","-- / 0","","–ì–æ—Å—É–¥–∞—Ä—Å—Ç–≤–µ–Ω–Ω–∞—è","-- / 1","","–û–±—ã—á–Ω–∞—è —à–∫–æ–ª–∞","-- / 0","","A0-A1","-- / 0","","–£–¥–∞—Ä–Ω–∏–∫","-- / 0","","–ù–µ—Ç","-- / 0","","–ù–µ—Ç","-- / 0","","–ù–µ—Ç","-- / 1","","–î–∞","-- / 1","","–î–∞","-- / 1","","50 000 - 100 000","-- / 1","","–î–∞","-- / 1","","–ù–æ–≤–æ—Å—Ç–Ω—ã–µ –ø–æ—Ä—Ç–∞–ª—ã –≤ –∏–Ω—Ç–µ—Ä–Ω–µ—Ç–µ","-- / 1","","–ù–µ—Ç","-- / 1","","–ù–µ—Ç","-- / 1","","–î–∞","-- / 1","","–î–∞","-- / 1","","–ù–µ—Ç","-- / 1","","–î–∞","-- / 1","","–°–∫–æ—Ä–µ–µ –Ω–µ —É—Å—Ç—Ä–∞–∏–≤–∞–µ—Ç","-- / 1","","–ù–µ—Ç","-- / 1",""
"2021/11/08 7:35:22 PM GMT+6","11.00 / 30","3","1.00 / 1","","–°—É–¥–µ–±–Ω–∞—è;–ó–∞–∫–æ–Ω–æ–¥–∞—Ç–µ–ª—å–Ω–∞—è;–ò—Å–ø–æ–ª–Ω–∏—Ç–µ–ª—å–Ω–∞—è","1.00 / 1","","5","1.00 / 1","","–°–µ–Ω–∞—Ç;–ú–∞–∂–∏–ª–∏—Å","1.00 / 1","","–ê—Å–∫–∞—Ä –ú–∞–º–∏–Ω","1.00 / 1","","—Ä—ã–Ω–æ—á–Ω–∞—è —ç–∫–æ–Ω–æ–º–∏–∫–∞","1.00 / 1","","–î–∞","1.00 / 1","","2","1.00 / 1","","–ì–µ—Ä–±;–§–ª–∞–≥;–ì–∏–º–Ω","1.00 / 1","","–î–∞","1.00 / 1","","–•–∑","0.00 / 1","","–î–∞","1.00 / 1","","2.9","-- / 1","","–ñ","-- / 1","","18","-- / 1","","–í –≥–æ—Ä–æ–¥–µ","-- / 0","","–ö–∞–∑–∞—Ö—Å–∫–∏–π","-- / 0","","–ì–æ—Å—É–¥–∞—Ä—Å—Ç–≤–µ–Ω–Ω–∞—è","-- / 1","","–ù–ò–®/–ö–¢–õ/–†–§–ú–®","-- / 0","","B2","-- / 0","","–£–¥–∞—Ä–Ω–∏–∫","-- / 0","","–î–∞","-- / 0","","–î–∞","-- / 0","","–ù–µ—Ç","-- / 1","","–î–∞","-- / 1","","–î–∞","-- / 1","","500 000 –∏ –±–æ–ª—å—à–µ","-- / 1","","–î–∞","-- / 1","","–ë–ª–æ–≥–≥–µ—Ä—ã","-- / 1","","–ù–µ—Ç","-- / 1","","–ù–µ—Ç","-- / 1","","–ù–µ—Ç","-- / 1","","–î–∞","-- / 1","","–î–∞","-- / 1","","–î–∞","-- / 1","","–°–∫–æ—Ä–µ–µ —É—Å—Ç—Ä–∞–∏–≤–∞–µ—Ç","-- / 1","","–î–∞","-- / 1",""
"2021/11/08 7:35:45 PM GMT+6","11.00 / 30","3","1.00 / 1","","–°—É–¥–µ–±–Ω–∞—è;–ó–∞–∫–æ–Ω–æ–¥–∞—Ç–µ–ª—å–Ω–∞—è;–ò—Å–ø–æ–ª–Ω–∏—Ç–µ–ª—å–Ω–∞—è","1.00 / 1","","4","0.00 / 1","","–°–µ–Ω–∞—Ç;–ú–∞–∂–∏–ª–∏—Å","1.00 / 1","","–ê—Å–∫–∞—Ä –ú–∞–º–∏–Ω","1.00 / 1","","—Ä—ã–Ω–æ—á–Ω–∞—è —ç–∫–æ–Ω–æ–º–∏–∫–∞","1.00 / 1","","–î–∞","1.00 / 1","","2","1.00 / 1","","–ì–µ—Ä–±;–§–ª–∞–≥;–ì–∏–º–Ω","1.00 / 1","","–î–∞","1.00 / 1","","–ò–º–ø–∏—á–º–µ–Ω—Ç ","1.00 / 1","","–î–∞","1.00 / 1","","2.71","-- / 1","","–ú","-- / 1","","18","-- / 1","","–í –≥–æ—Ä–æ–¥–µ","-- / 0","","–†—É—Å—Å–∫–∏–π","-- / 0","","–ì–æ—Å—É–¥–∞—Ä—Å—Ç–≤–µ–Ω–Ω–∞—è","-- / 1","","–ì–∏–º–Ω–∞–∑–∏—è/–ª–∏—Ü–µ–π","-- / 0","","B1","-- / 0","","–£–¥–∞—Ä–Ω–∏–∫","-- / 0","","–î–∞","-- / 0","","–ù–µ—Ç","-- / 0","","–ù–µ—Ç","-- / 1","","–î–∞","-- / 1","","–ù–µ—Ç","-- / 1","","200 000 - 300 000","-- / 1","","–î–∞","-- / 1","","–ü–∞–±–ª–∏–∫–∏ –≤ —Å–æ—Ü —Å–µ—Ç—è—Ö","-- / 1","","–ù–µ—Ç","-- / 1","","–î–∞","-- / 1","","–î–∞","-- / 1","","–î–∞","-- / 1","","–ù–µ—Ç","-- / 1","","–î–∞","-- / 1","","–°–∫–æ—Ä–µ–µ —É—Å—Ç—Ä–∞–∏–≤–∞–µ—Ç","-- / 1","","–î–∞","-- / 1",""
"2021/11/08 7:41:23 PM GMT+6","5.00 / 30","5","0.00 / 1","","–°—É–¥–µ–±–Ω–∞—è;–ö–æ–Ω—Å—Ç–∏—Ç—É—Ü–∏–æ–Ω–Ω–∞—è;–ó–∞–∫–æ–Ω–æ–¥–∞—Ç–µ–ª—å–Ω–∞—è;–ò—Å–ø–æ–ª–Ω–∏—Ç–µ–ª—å–Ω–∞—è;–†–µ–≥—É–ª–∏—Ä—É—é—â–∞—è","0.00 / 1","","3","0.00 / 1","","–í–µ—Ä—Ö–Ω—è—è –ø–∞–ª–∞—Ç–∞;–ù–∏–∂–Ω—è—è –ø–∞–ª–∞—Ç–∞","0.00 / 1","","–ë–∞–≥–¥–∞—Ç –ú—É—Å–∏–Ω","0.00 / 1","","—Ä—ã–Ω–æ—á–Ω–∞—è —ç–∫–æ–Ω–æ–º–∏–∫–∞","1.00 / 1","","–î–∞","1.00 / 1","","2","1.00 / 1","","–ì–µ—Ä–±;–§–ª–∞–≥","0.00 / 1","","–î–∞","1.00 / 1",""," –û—Ç—Å—Ç—Ä–∞–Ω–µ–Ω–∏–µ","0.00 / 1","","–î–∞","1.00 / 1","","1,67","-- / 1","","–ú","-- / 1","","21","-- / 1","","–í –≥–æ—Ä–æ–¥–µ","-- / 0","","–†—É—Å—Å–∫–∏–π","-- / 0","","–ß–∞—Å—Ç–Ω–∞—è","-- / 1","","–ù–ò–®/–ö–¢–õ/–†–§–ú–®","-- / 0","","B2","-- / 0","","–£–¥–∞—Ä–Ω–∏–∫","-- / 0","","–î–∞","-- / 0","","–î–∞","-- / 0","","–î–∞","-- / 1","","–î–∞","-- / 1","","–î–∞","-- / 1","","300 000 - 400 000","-- / 1","","–ù–µ—Ç","-- / 1","","–ü–∞–±–ª–∏–∫–∏ –≤ —Å–æ—Ü —Å–µ—Ç—è—Ö","-- / 1","","–ù–µ—Ç","-- / 1","","–ù–µ—Ç","-- / 1","","–î–∞","-- / 1","","–ù–µ—Ç","-- / 1","","–î–∞","-- / 1","","–ù–µ—Ç","-- / 1","","–°–∫–æ—Ä–µ–µ –Ω–µ —É—Å—Ç—Ä–∞–∏–≤–∞–µ—Ç","-- / 1","","–î–∞","-- / 1",""
"2021/11/08 7:44:15 PM GMT+6","10.00 / 30","3","1.00 / 1","","–°—É–¥–µ–±–Ω–∞—è;–ö–æ–Ω—Å—Ç–∏—Ç—É—Ü–∏–æ–Ω–Ω–∞—è;–ò—Å–ø–æ–ª–Ω–∏—Ç–µ–ª—å–Ω–∞—è","0.00 / 1","","5","1.00 / 1","","–°–µ–Ω–∞—Ç;–ú–∞–∂–∏–ª–∏—Å","1.00 / 1","","–ê—Å–∫–∞—Ä –ú–∞–º–∏–Ω","1.00 / 1","","—Ä—ã–Ω–æ—á–Ω–∞—è —ç–∫–æ–Ω–æ–º–∏–∫–∞","1.00 / 1","","–î–∞","1.00 / 1","","2","1.00 / 1","","–ì–µ—Ä–±;–§–ª–∞–≥;–ì–∏–º–Ω","1.00 / 1","","–ù–µ—Ç","0.00 / 1","","–ò–º–ø–∏—á–º–µ–Ω—Ç ","1.00 / 1","","–î–∞","1.00 / 1","","3.2","-- / 1","","–ú","-- / 1","","21","-- / 1","","–í –≥–æ—Ä–æ–¥–µ","-- / 0","","–†—É—Å—Å–∫–∏–π","-- / 0","","–ì–æ—Å—É–¥–∞—Ä—Å—Ç–≤–µ–Ω–Ω–∞—è","-- / 1","","–û–±—ã—á–Ω–∞—è —à–∫–æ–ª–∞","-- / 0","","C1-C2","-- / 0","","–û—Ç–ª–∏—á–Ω–∏–∫","-- / 0","","–î–∞","-- / 0","","–î–∞","-- / 0","","–î–∞","-- / 1","","–î–∞","-- / 1","","–î–∞","-- / 1","","50 000 - 100 000","-- / 1","","–î–∞","-- / 1","","–ù–æ–≤–æ—Å—Ç–Ω—ã–µ –ø–æ—Ä—Ç–∞–ª—ã –≤ –∏–Ω—Ç–µ—Ä–Ω–µ—Ç–µ","-- / 1","","–ù–µ—Ç","-- / 1","","–î–∞","-- / 1","","–î–∞","-- / 1","","–î–∞","-- / 1","","–î–∞","-- / 1","","–î–∞","-- / 1","","–î–∞, —É—Å—Ç—Ä–∞–∏–≤–∞–µ—Ç","-- / 1","","–î–∞","-- / 1",""
"2021/11/08 8:10:02 PM GMT+6","7.00 / 30","3","1.00 / 1","","–°—É–¥–µ–±–Ω–∞—è;–ó–∞–∫–æ–Ω–æ–¥–∞—Ç–µ–ª—å–Ω–∞—è;–ò—Å–ø–æ–ª–Ω–∏—Ç–µ–ª—å–Ω–∞—è","1.00 / 1","","4","0.00 / 1","","–í–µ—Ä—Ö–Ω—è—è –ø–∞–ª–∞—Ç–∞;–°–µ–Ω–∞—Ç;–ù–∏–∂–Ω—è—è –ø–∞–ª–∞—Ç–∞;–ú–∞–∂–∏–ª–∏—Å","0.00 / 1","","–ê—Å–∫–∞—Ä –ú–∞–º–∏–Ω","1.00 / 1","","—Ä—ã–Ω–æ—á–Ω–∞—è —ç–∫–æ–Ω–æ–º–∏–∫–∞","1.00 / 1","","–î–∞","1.00 / 1","","3","0.00 / 1","","–ì–µ—Ä–±;–§–ª–∞–≥;–ì–∏–º–Ω","1.00 / 1","","–î–∞","1.00 / 1","","-","0.00 / 1","","–ù–µ—Ç","0.00 / 1","","1.8","-- / 1","","–ñ","-- / 1","","20","-- / 1","","–í –≥–æ—Ä–æ–¥–µ","-- / 0","","–†—É—Å—Å–∫–∏–π","-- / 0","","–ß–∞—Å—Ç–Ω–∞—è","-- / 1","","–ù–ò–®/–ö–¢–õ/–†–§–ú–®","-- / 0","","B1","-- / 0","","–£–¥–∞—Ä–Ω–∏–∫","-- / 0","","–ù–µ—Ç","-- / 0","","–ù–µ—Ç","-- / 0","","–ù–µ—Ç","-- / 1","","–î–∞","-- / 1","","–î–∞","-- / 1","","100 000 - 200 000","-- / 1","","–ù–µ—Ç","-- / 1","","–ù–æ–≤–æ—Å—Ç–Ω—ã–µ –ø–æ—Ä—Ç–∞–ª—ã –≤ –∏–Ω—Ç–µ—Ä–Ω–µ—Ç–µ","-- / 1","","–ù–µ—Ç","-- / 1","","–ù–µ—Ç","-- / 1","","–î–∞","-- / 1","","–ù–µ—Ç","-- / 1","","–ù–µ—Ç","-- / 1","","–ù–µ—Ç","-- / 1","","–°–∫–æ—Ä–µ–µ —É—Å—Ç—Ä–∞–∏–≤–∞–µ—Ç","-- / 1","","–î–∞","-- / 1",""
"2021/11/08 8:19:28 PM GMT+6","4.00 / 30","6","0.00 / 1","","–°—É–¥–µ–±–Ω–∞—è;–ö–æ–Ω—Å—Ç–∏—Ç—É—Ü–∏–æ–Ω–Ω–∞—è;–ó–∞–∫–æ–Ω–æ–¥–∞—Ç–µ–ª—å–Ω–∞—è;–†–∞–±–æ—Ç–∞—é—â–∞—è;–ò—Å–ø–æ–ª–Ω–∏—Ç–µ–ª—å–Ω–∞—è;–†–µ–≥—É–ª–∏—Ä—É—é—â–∞—è","0.00 / 1","","4","0.00 / 1","","–í–µ—Ä—Ö–Ω—è—è –ø–∞–ª–∞—Ç–∞;–ù–∏–∂–Ω—è—è –ø–∞–ª–∞—Ç–∞","0.00 / 1","","–ù—É—Ä–ª–∞–Ω –ù–∏–≥–º–∞—Ç—É–ª–∏–Ω","0.00 / 1","","—Ä—ã–Ω–æ—á–Ω–∞—è —ç–∫–æ–Ω–æ–º–∏–∫–∞","1.00 / 1","","–î–∞","1.00 / 1","","69","0.00 / 1","","–ì–µ—Ä–±;–§–ª–∞–≥","0.00 / 1","","–î–∞","1.00 / 1","","–ò–Ω–ø–∏—á–º–µ–Ω—Ç","0.00 / 1","","–î–∞","1.00 / 1","","2.7","-- / 1","","–ú","-- / 1","","21","-- / 1","","–í –≥–æ—Ä–æ–¥–µ","-- / 0","","–ö–∞–∑–∞—Ö—Å–∫–∏–π","-- / 0","","–ì–æ—Å—É–¥–∞—Ä—Å—Ç–≤–µ–Ω–Ω–∞—è","-- / 1","","–û–±—ã—á–Ω–∞—è —à–∫–æ–ª–∞","-- / 0","","A0-A1","-- / 0","","–û—Ç–ª–∏—á–Ω–∏–∫","-- / 0","","–ù–µ—Ç","-- / 0","","–ù–µ—Ç","-- / 0","","–ù–µ—Ç","-- / 1","","–î–∞","-- / 1","","–î–∞","-- / 1","","50 000 - 100 000","-- / 1","","–î–∞","-- / 1","","–ù–æ–≤–æ—Å—Ç–Ω—ã–µ –ø–æ—Ä—Ç–∞–ª—ã –≤ –∏–Ω—Ç–µ—Ä–Ω–µ—Ç–µ","-- / 1","","–î–∞","-- / 1","","–ù–µ—Ç","-- / 1","","–î–∞","-- / 1","","–î–∞","-- / 1","","–ù–µ—Ç","-- / 1","","–î–∞","-- / 1","","–ó–∞—Ç—Ä—É–¥–Ω—è—é—Å—å –æ—Ç–≤–µ—Ç–∏—Ç—å","-- / 1","","–î–∞","-- / 1",""
"2021/11/08 8:24:19 PM GMT+6","8.00 / 30","4","0.00 / 1","","–°—É–¥–µ–±–Ω–∞—è;–ó–∞–∫–æ–Ω–æ–¥–∞—Ç–µ–ª—å–Ω–∞—è;–ò—Å–ø–æ–ª–Ω–∏—Ç–µ–ª—å–Ω–∞—è;–†–µ–≥—É–ª–∏—Ä—É—é—â–∞—è","0.00 / 1","","5","1.00 / 1","","–°–µ–Ω–∞—Ç;–ú–∞–∂–∏–ª–∏—Å","1.00 / 1","","–ë–∞–≥–¥–∞—Ç –ú—É—Å–∏–Ω","0.00 / 1","","—Ä—ã–Ω–æ—á–Ω–∞—è —ç–∫–æ–Ω–æ–º–∏–∫–∞","1.00 / 1","","–î–∞","1.00 / 1","","2","1.00 / 1","","–ì–µ—Ä–±;–§–ª–∞–≥;–ì–∏–º–Ω","1.00 / 1","","–î–∞","1.00 / 1","","–ò–º–ø–∏—á–º–µ–Ω—Ç","1.00 / 1","","–ù–µ—Ç","0.00 / 1","","3.67","-- / 1","","–ú","-- / 1","","21","-- / 1","","–í –≥–æ—Ä–æ–¥–µ","-- / 0","","–†—É—Å—Å–∫–∏–π","-- / 0","","–ì–æ—Å—É–¥–∞—Ä—Å—Ç–≤–µ–Ω–Ω–∞—è","-- / 1","","–ì–∏–º–Ω–∞–∑–∏—è/–ª–∏—Ü–µ–π","-- / 0","","B1","-- / 0","","–£–¥–∞—Ä–Ω–∏–∫","-- / 0","","–ù–µ—Ç","-- / 0","","–î–∞","-- / 0","","–ù–µ—Ç","-- / 1","","–î–∞","-- / 1","","–î–∞","-- / 1","","400 000 - 500 000","-- / 1","","–î–∞","-- / 1","","–ü–∞–±–ª–∏–∫–∏ –≤ —Å–æ—Ü —Å–µ—Ç—è—Ö","-- / 1","","–ù–µ—Ç","-- / 1","","–ù–µ—Ç","-- / 1","","–î–∞","-- / 1","","–ù–µ—Ç","-- / 1","","–ù–µ—Ç","-- / 1","","–î–∞","-- / 1","","–°–∫–æ—Ä–µ–µ —É—Å—Ç—Ä–∞–∏–≤–∞–µ—Ç","-- / 1","","–î–∞","-- / 1",""
"2021/11/08 8:24:38 PM GMT+6","11.00 / 30","3","1.00 / 1","","–°—É–¥–µ–±–Ω–∞—è;–ó–∞–∫–æ–Ω–æ–¥–∞—Ç–µ–ª—å–Ω–∞—è;–ò—Å–ø–æ–ª–Ω–∏—Ç–µ–ª—å–Ω–∞—è","1.00 / 1","","7","0.00 / 1","","–°–µ–Ω–∞—Ç;–ú–∞–∂–∏–ª–∏—Å","1.00 / 1","","–ê—Å–∫–∞—Ä –ú–∞–º–∏–Ω","1.00 / 1","","—Ä—ã–Ω–æ—á–Ω–∞—è —ç–∫–æ–Ω–æ–º–∏–∫–∞","1.00 / 1","","–î–∞","1.00 / 1","","2","1.00 / 1","","–ì–µ—Ä–±;–§–ª–∞–≥;–ì–∏–º–Ω","1.00 / 1","","–î–∞","1.00 / 1","","–ò–º–ø–∏—á–º–µ–Ω—Ç ","1.00 / 1","","–î–∞","1.00 / 1","","3.75","-- / 1","","–ñ","-- / 1","","20","-- / 1","","–í –≥–æ—Ä–æ–¥–µ","-- / 0","","–†—É—Å—Å–∫–∏–π","-- / 0","","–ì–æ—Å—É–¥–∞—Ä—Å—Ç–≤–µ–Ω–Ω–∞—è","-- / 1","","–ì–∏–º–Ω–∞–∑–∏—è/–ª–∏—Ü–µ–π","-- / 0","","C1-C2","-- / 0","","–û—Ç–ª–∏—á–Ω–∏–∫","-- / 0","","–î–∞","-- / 0","","–î–∞","-- / 0","","–ù–µ—Ç","-- / 1","","–ù–µ—Ç","-- / 1","","–î–∞","-- / 1","","400 000 - 500 000","-- / 1","","–î–∞","-- / 1","","–ü–∞–±–ª–∏–∫–∏ –≤ —Å–æ—Ü —Å–µ—Ç—è—Ö","-- / 1","","–ù–µ—Ç","-- / 1","","–ù–µ—Ç","-- / 1","","–ù–µ—Ç","-- / 1","","–î–∞","-- / 1","","–î–∞","-- / 1","","–î–∞","-- / 1","","–ù–µ—Ç, –Ω–µ —É—Å—Ç—Ä–∞–∏–≤–∞–µ—Ç","-- / 1","","–î–∞","-- / 1",""
"2021/11/08 8:31:52 PM GMT+6","11.00 / 30","3","1.00 / 1","","–°—É–¥–µ–±–Ω–∞—è;–ó–∞–∫–æ–Ω–æ–¥–∞—Ç–µ–ª—å–Ω–∞—è;–ò—Å–ø–æ–ª–Ω–∏—Ç–µ–ª—å–Ω–∞—è","1.00 / 1","","5","1.00 / 1","","–°–µ–Ω–∞—Ç;–ú–∞–∂–∏–ª–∏—Å","1.00 / 1","","–ê—Å–∫–∞—Ä –ú–∞–º–∏–Ω","1.00 / 1","","—Ä—ã–Ω–æ—á–Ω–∞—è —ç–∫–æ–Ω–æ–º–∏–∫–∞","1.00 / 1","","–î–∞","1.00 / 1","","2","1.00 / 1","","–ì–µ—Ä–±;–§–ª–∞–≥;–ì–∏–º–Ω","1.00 / 1","","–î–∞","1.00 / 1","","–∏–º–ø–∏—á–º–µ–Ω—Ç","1.00 / 1","","–ù–µ—Ç","0.00 / 1","","3.89","-- / 1","","–ñ","-- / 1","","18","-- / 1","","–í –≥–æ—Ä–æ–¥–µ","-- / 0","","–†—É—Å—Å–∫–∏–π","-- / 0","","–ì–æ—Å—É–¥–∞—Ä—Å—Ç–≤–µ–Ω–Ω–∞—è","-- / 1","","–û–±—ã—á–Ω–∞—è —à–∫–æ–ª–∞","-- / 0","","B2","-- / 0","","–£–¥–∞—Ä–Ω–∏–∫","-- / 0","","–î–∞","-- / 0","","–î–∞","-- / 0","","–î–∞","-- / 1","","–ù–µ—Ç","-- / 1","","–î–∞","-- / 1","","500 000 –∏ –±–æ–ª—å—à–µ","-- / 1","","–î–∞","-- / 1","","–ü–∞–±–ª–∏–∫–∏ –≤ —Å–æ—Ü —Å–µ—Ç—è—Ö","-- / 1","","–ù–µ—Ç","-- / 1","","–ù–µ—Ç","-- / 1","","–î–∞","-- / 1","","–ù–µ—Ç","-- / 1","","–î–∞","-- / 1","","–î–∞","-- / 1","","–î–∞, —É—Å—Ç—Ä–∞–∏–≤–∞–µ—Ç","-- / 1","","–î–∞","-- / 1",""
"2021/11/08 8:32:15 PM GMT+6","7.00 / 30","2","0.00 / 1","","–ö–æ–Ω—Å—Ç–∏—Ç—É—Ü–∏–æ–Ω–Ω–∞—è","0.00 / 1","","5","1.00 / 1","","–°–µ–Ω–∞—Ç;–ú–∞–∂–∏–ª–∏—Å","1.00 / 1","","–ê—Å–∫–∞—Ä –ú–∞–º–∏–Ω","1.00 / 1","","—Ä—ã–Ω–æ—á–Ω–∞—è —ç–∫–æ–Ω–æ–º–∏–∫–∞","1.00 / 1","","–ù–µ—Ç","0.00 / 1","","2","1.00 / 1","","–ì–µ—Ä–±;–§–ª–∞–≥;–ì–∏–º–Ω","1.00 / 1","","–î–∞","1.00 / 1","","–¥–æ—Å—Ä–æ—á–Ω–æ–≥–æ –æ—Å–≤–æ–±–æ–∂–¥–µ–Ω–∏—è –∏–ª–∏ –æ—Ç—Ä–µ—à–µ–Ω–∏—è –æ—Ç –¥–æ–ª–∂–Ω–æ—Å—Ç–∏ –ø—Ä–µ–∑–∏–¥–µ–Ω—Ç–∞","0.00 / 1","","–ù–µ—Ç","0.00 / 1","","2.01","-- / 1","","–ñ","-- / 1","","19","-- / 1","","–í –≥–æ—Ä–æ–¥–µ","-- / 0","","–ö–∞–∑–∞—Ö—Å–∫–∏–π","-- / 0","","–ì–æ—Å—É–¥–∞—Ä—Å—Ç–≤–µ–Ω–Ω–∞—è","-- / 1","","–û–±—ã—á–Ω–∞—è —à–∫–æ–ª–∞","-- / 0","","A0-A1","-- / 0","","–£–¥–∞—Ä–Ω–∏–∫","-- / 0","","–ù–µ—Ç","-- / 0","","–ù–µ—Ç","-- / 0","","–î–∞","-- / 1","","–ù–µ—Ç","-- / 1","","–î–∞","-- / 1","","50 000 - 100 000","-- / 1","","–î–∞","-- / 1","","–¢–µ–ª–µ–≤–∏–∑–æ—Ä","-- / 1","","–ù–µ—Ç","-- / 1","","–ù–µ—Ç","-- / 1","","–î–∞","-- / 1","","–ù–µ—Ç","-- / 1","","–ù–µ—Ç","-- / 1","","–î–∞","-- / 1","","–°–∫–æ—Ä–µ–µ –Ω–µ —É—Å—Ç—Ä–∞–∏–≤–∞–µ—Ç","-- / 1","","–î–∞","-- / 1",""
"2021/11/08 8:38:07 PM GMT+6","11.00 / 30","3","1.00 / 1","","–°—É–¥–µ–±–Ω–∞—è;–ó–∞–∫–æ–Ω–æ–¥–∞—Ç–µ–ª—å–Ω–∞—è;–ò—Å–ø–æ–ª–Ω–∏—Ç–µ–ª—å–Ω–∞—è","1.00 / 1","","5","1.00 / 1","","–°–µ–Ω–∞—Ç;–ú–∞–∂–∏–ª–∏—Å","1.00 / 1","","–ê—Å–∫–∞—Ä –ú–∞–º–∏–Ω","1.00 / 1","","—Ä—ã–Ω–æ—á–Ω–∞—è —ç–∫–æ–Ω–æ–º–∏–∫–∞","1.00 / 1","","–î–∞","1.00 / 1","","2","1.00 / 1","","–ì–µ—Ä–±;–§–ª–∞–≥;–ì–∏–º–Ω","1.00 / 1","","–î–∞","1.00 / 1","","–ò–º–ø–∏—á–º–µ–Ω—Ç","1.00 / 1","","–ù–µ—Ç","0.00 / 1","","1.8","-- / 1","","–ú","-- / 1","","19","-- / 1","","–í –≥–æ—Ä–æ–¥–µ","-- / 0","","–†—É—Å—Å–∫–∏–π","-- / 0","","–ì–æ—Å—É–¥–∞—Ä—Å—Ç–≤–µ–Ω–Ω–∞—è","-- / 1","","–û–±—ã—á–Ω–∞—è —à–∫–æ–ª–∞","-- / 0","","B1","-- / 0","","–£–¥–∞—Ä–Ω–∏–∫","-- / 0","","–ù–µ—Ç","-- / 0","","–ù–µ—Ç","-- / 0","","–ù–µ—Ç","-- / 1","","–î–∞","-- / 1","","–î–∞","-- / 1","","500 000 –∏ –±–æ–ª—å—à–µ","-- / 1","","–î–∞","-- / 1","","–ù–æ–≤–æ—Å—Ç–Ω—ã–µ –ø–æ—Ä—Ç–∞–ª—ã –≤ –∏–Ω—Ç–µ—Ä–Ω–µ—Ç–µ","-- / 1","","–ù–µ—Ç","-- / 1","","–ù–µ—Ç","-- / 1","","–î–∞","-- / 1","","–î–∞","-- / 1","","–ù–µ—Ç","-- / 1","","–ù–µ—Ç","-- / 1","","–ó–∞—Ç—Ä—É–¥–Ω—è—é—Å—å –æ—Ç–≤–µ—Ç–∏—Ç—å","-- / 1","","–î–∞","-- / 1",""
"2021/11/08 10:07:05 PM GMT+6","7.00 / 30","2","0.00 / 1","","–ö–æ–Ω—Å—Ç–∏—Ç—É—Ü–∏–æ–Ω–Ω–∞—è;–ó–∞–∫–æ–Ω–æ–¥–∞—Ç–µ–ª—å–Ω–∞—è","0.00 / 1","","4","0.00 / 1","","–°–µ–Ω–∞—Ç;–ú–∞–∂–∏–ª–∏—Å","1.00 / 1","","–ê—Å–∫–∞—Ä –ú–∞–º–∏–Ω","1.00 / 1","","–ø–ª–∞–Ω–æ–≤–∞—è —ç–∫–æ–Ω–æ–º–∏–∫–∞","0.00 / 1","","–î–∞","1.00 / 1","","2","1.00 / 1","","–ì–µ—Ä–±;–§–ª–∞–≥;–ì–∏–º–Ω","1.00 / 1","","–î–∞","1.00 / 1","","–Ω–µ –∑–Ω–∞—é","0.00 / 1","","–î–∞","1.00 / 1","","3.14","-- / 1","","–ñ","-- / 1","","19","-- / 1","","–í –≥–æ—Ä–æ–¥–µ","-- / 0","","–†—É—Å—Å–∫–∏–π","-- / 0","","–ì–æ—Å—É–¥–∞—Ä—Å—Ç–≤–µ–Ω–Ω–∞—è","-- / 1","","–û–±—ã—á–Ω–∞—è —à–∫–æ–ª–∞","-- / 0","","B1","-- / 0","","–û—Ç–ª–∏—á–Ω–∏–∫","-- / 0","","–î–∞","-- / 0","","–ù–µ—Ç","-- / 0","","–ù–µ—Ç","-- / 1","","–î–∞","-- / 1","","–î–∞","-- / 1","","200 000 - 300 000","-- / 1","","–î–∞","-- / 1","","–ü–∞–±–ª–∏–∫–∏ –≤ —Å–æ—Ü —Å–µ—Ç—è—Ö","-- / 1","","–ù–µ—Ç","-- / 1","","–ù–µ—Ç","-- / 1","","–î–∞","-- / 1","","–ù–µ—Ç","-- / 1","","–ù–µ—Ç","-- / 1","","–î–∞","-- / 1","","–ù–µ—Ç, –Ω–µ —É—Å—Ç—Ä–∞–∏–≤–∞–µ—Ç","-- / 1","","–î–∞","-- / 1",""
"2021/11/08 10:10:33 PM GMT+6","10.00 / 30","3","1.00 / 1","","–°—É–¥–µ–±–Ω–∞—è;–ó–∞–∫–æ–Ω–æ–¥–∞—Ç–µ–ª—å–Ω–∞—è;–ò—Å–ø–æ–ª–Ω–∏—Ç–µ–ª—å–Ω–∞—è","1.00 / 1","","30","0.00 / 1","","–°–µ–Ω–∞—Ç;–ú–∞–∂–∏–ª–∏—Å","1.00 / 1","","–ê—Å–∫–∞—Ä –ú–∞–º–∏–Ω","1.00 / 1","","—Ä—ã–Ω–æ—á–Ω–∞—è —ç–∫–æ–Ω–æ–º–∏–∫–∞","1.00 / 1","","–î–∞","1.00 / 1","","2","1.00 / 1","","–ì–µ—Ä–±;–§–ª–∞–≥;–ì–∏–º–Ω","1.00 / 1","","–î–∞","1.00 / 1","","–ò–º–ø–∏—á–º–µ–Ω—Ç","1.00 / 1","","–ù–µ—Ç","0.00 / 1","","3.23","-- / 1","","–ñ","-- / 1","","19","-- / 1","","–í –≥–æ—Ä–æ–¥–µ","-- / 0","","–ö–∞–∑–∞—Ö—Å–∫–∏–π","-- / 0","","–ì–æ—Å—É–¥–∞—Ä—Å—Ç–≤–µ–Ω–Ω–∞—è","-- / 1","","–û–±—ã—á–Ω–∞—è —à–∫–æ–ª–∞","-- / 0","","A0-A1","-- / 0","","–£–¥–∞—Ä–Ω–∏–∫","-- / 0","","–ù–µ—Ç","-- / 0","","–ù–µ—Ç","-- / 0","","–î–∞","-- / 1","","–ù–µ—Ç","-- / 1","","–î–∞","-- / 1","","400 000 - 500 000","-- / 1","","–î–∞","-- / 1","","–ü–∞–±–ª–∏–∫–∏ –≤ —Å–æ—Ü —Å–µ—Ç—è—Ö","-- / 1","","–ù–µ—Ç","-- / 1","","–ù–µ—Ç","-- / 1","","–î–∞","-- / 1","","–î–∞","-- / 1","","–î–∞","-- / 1","","–î–∞","-- / 1","","–°–∫–æ—Ä–µ–µ –Ω–µ —É—Å—Ç—Ä–∞–∏–≤–∞–µ—Ç","-- / 1","","–î–∞","-- / 1",""
"2021/11/08 10:26:23 PM GMT+6","8.00 / 30","3","1.00 / 1","","–°—É–¥–µ–±–Ω–∞—è;–ö–æ–Ω—Å—Ç–∏—Ç—É—Ü–∏–æ–Ω–Ω–∞—è;–ò—Å–ø–æ–ª–Ω–∏—Ç–µ–ª—å–Ω–∞—è","0.00 / 1","","5","1.00 / 1","","–í–µ—Ä—Ö–Ω—è—è –ø–∞–ª–∞—Ç–∞;–°–µ–Ω–∞—Ç;–ú–∞–∂–∏–ª–∏—Å","0.00 / 1","","–ê—Å–∫–∞—Ä –ú–∞–º–∏–Ω","1.00 / 1","","—Ä—ã–Ω–æ—á–Ω–∞—è —ç–∫–æ–Ω–æ–º–∏–∫–∞","1.00 / 1","","–î–∞","1.00 / 1","","2","1.00 / 1","","–ì–µ—Ä–±;–§–ª–∞–≥;–ì–∏–º–Ω","1.00 / 1","","–î–∞","1.00 / 1","","–Ω–µ –∑–Ω–∞—é","0.00 / 1","","–ù–µ—Ç","0.00 / 1","","3.57","-- / 1","","–ú","-- / 1","","19","-- / 1","","–í –≥–æ—Ä–æ–¥–µ","-- / 0","","–†—É—Å—Å–∫–∏–π","-- / 0","","–ì–æ—Å—É–¥–∞—Ä—Å—Ç–≤–µ–Ω–Ω–∞—è","-- / 1","","–ì–∏–º–Ω–∞–∑–∏—è/–ª–∏—Ü–µ–π","-- / 0","","B2","-- / 0","","–û—Ç–ª–∏—á–Ω–∏–∫","-- / 0","","–î–∞","-- / 0","","–î–∞","-- / 0","","–î–∞","-- / 1","","–î–∞","-- / 1","","–î–∞","-- / 1","","200 000 - 300 000","-- / 1","","–î–∞","-- / 1","","–ü–∞–±–ª–∏–∫–∏ –≤ —Å–æ—Ü —Å–µ—Ç—è—Ö","-- / 1","","–ù–µ—Ç","-- / 1","","–ù–µ—Ç","-- / 1","","–î–∞","-- / 1","","–î–∞","-- / 1","","–î–∞","-- / 1","","–î–∞","-- / 1","","–°–∫–æ—Ä–µ–µ –Ω–µ —É—Å—Ç—Ä–∞–∏–≤–∞–µ—Ç","-- / 1","","–î–∞","-- / 1",""
"2021/11/08 10:42:47 PM GMT+6","10.00 / 30","3","1.00 / 1","","–°—É–¥–µ–±–Ω–∞—è;–ó–∞–∫–æ–Ω–æ–¥–∞—Ç–µ–ª—å–Ω–∞—è;–ò—Å–ø–æ–ª–Ω–∏—Ç–µ–ª—å–Ω–∞—è","1.00 / 1","","4","0.00 / 1","","–°–µ–Ω–∞—Ç;–ú–∞–∂–∏–ª–∏—Å","1.00 / 1","","–ê—Å–∫–∞—Ä –ú–∞–º–∏–Ω","1.00 / 1","","—Ä—ã–Ω–æ—á–Ω–∞—è —ç–∫–æ–Ω–æ–º–∏–∫–∞","1.00 / 1","","–î–∞","1.00 / 1","","2, –¥–ª—è 01 –Ω–µ–æ–≥—Ä–∞–Ω–∏—á–µ–Ω–Ω–æ ","0.00 / 1","","–ì–µ—Ä–±;–§–ª–∞–≥;–ì–∏–º–Ω","1.00 / 1","","–î–∞","1.00 / 1","","–ò–º–ø–∏—á–º–µ–Ω—Ç","1.00 / 1","","–î–∞","1.00 / 1","","2.0","-- / 1","","–ú","-- / 1","","19","-- / 1","","–í –≥–æ—Ä–æ–¥–µ","-- / 0","","–†—É—Å—Å–∫–∏–π","-- / 0","","–ì–æ—Å—É–¥–∞—Ä—Å—Ç–≤–µ–Ω–Ω–∞—è","-- / 1","","–ì–∏–º–Ω–∞–∑–∏—è/–ª–∏—Ü–µ–π","-- / 0","","B2","-- / 0","","–û—Ç–ª–∏—á–Ω–∏–∫","-- / 0","","–ù–µ—Ç","-- / 0","","–ù–µ—Ç","-- / 0","","–ù–µ—Ç","-- / 1","","–ù–µ—Ç","-- / 1","","–î–∞","-- / 1","","200 000 - 300 000","-- / 1","","–î–∞","-- / 1","","–ü–∞–±–ª–∏–∫–∏ –≤ —Å–æ—Ü —Å–µ—Ç—è—Ö","-- / 1","","–ù–µ—Ç","-- / 1","","–ù–µ—Ç","-- / 1","","–î–∞","-- / 1","","–î–∞","-- / 1","","–î–∞","-- / 1","","–ù–µ—Ç","-- / 1","","–ó–∞—Ç—Ä—É–¥–Ω—è—é—Å—å –æ—Ç–≤–µ—Ç–∏—Ç—å","-- / 1","","–î–∞","-- / 1",""
"2021/11/08 11:46:42 PM GMT+6","4.00 / 30","3","1.00 / 1","","–°—É–¥–µ–±–Ω–∞—è;–ö–æ–Ω—Å—Ç–∏—Ç—É—Ü–∏–æ–Ω–Ω–∞—è;–†–∞–±–æ—Ç–∞—é—â–∞—è","0.00 / 1","","4","0.00 / 1","","–í–µ—Ä—Ö–Ω—è—è –ø–∞–ª–∞—Ç–∞;–ù–∏–∂–Ω—è—è –ø–∞–ª–∞—Ç–∞","0.00 / 1","","–ê—Å–∫–∞—Ä –ú–∞–º–∏–Ω","1.00 / 1","","—Ä—ã–Ω–æ—á–Ω–∞—è —ç–∫–æ–Ω–æ–º–∏–∫–∞","1.00 / 1","","–ù–µ—Ç","0.00 / 1","","5","0.00 / 1","","–ö–æ–Ω—Å—Ç–∏—Ç—É—Ü–∏—è;–§–ª–∞–≥;–ü—Ä–µ–∑–∏–¥–µ–Ω—Ç","0.00 / 1","","–î–∞","1.00 / 1","","–Ω–µ –∑–Ω–∞—é","0.00 / 1","","–ù–µ—Ç","0.00 / 1","","1.85","-- / 1","","–ú","-- / 1","","18","-- / 1","","–í —Å–µ–ª–µ","-- / 0","","–ö–∞–∑–∞—Ö—Å–∫–∏–π","-- / 0","","–ì–æ—Å—É–¥–∞—Ä—Å—Ç–≤–µ–Ω–Ω–∞—è","-- / 1","","–û–±—ã—á–Ω–∞—è —à–∫–æ–ª–∞","-- / 0","","A0-A1","-- / 0","","–¢—Ä–æ–µ—á–Ω–∏–∫","-- / 0","","–ù–µ—Ç","-- / 0","","–î–∞","-- / 0","","–î–∞","-- / 1","","–î–∞","-- / 1","","–î–∞","-- / 1","","100 000 - 200 000","-- / 1","","–î–∞","-- / 1","","–ü–∞–±–ª–∏–∫–∏ –≤ —Å–æ—Ü —Å–µ—Ç—è—Ö","-- / 1","","–î–∞","-- / 1","","–ù–µ—Ç","-- / 1","","–î–∞","-- / 1","","–î–∞","-- / 1","","–î–∞","-- / 1","","–î–∞","-- / 1","","–°–∫–æ—Ä–µ–µ –Ω–µ —É—Å—Ç—Ä–∞–∏–≤–∞–µ—Ç","-- / 1","","–ù–µ—Ç","-- / 1",""
"2021/11/09 1:55:26 AM GMT+6","12.00 / 30","3","1.00 / 1","","–°—É–¥–µ–±–Ω–∞—è;–ó–∞–∫–æ–Ω–æ–¥–∞—Ç–µ–ª—å–Ω–∞—è;–ò—Å–ø–æ–ª–Ω–∏—Ç–µ–ª—å–Ω–∞—è","1.00 / 1","","5","1.00 / 1","","–°–µ–Ω–∞—Ç;–ú–∞–∂–∏–ª–∏—Å","1.00 / 1","","–ê—Å–∫–∞—Ä –ú–∞–º–∏–Ω","1.00 / 1","","—Ä—ã–Ω–æ—á–Ω–∞—è —ç–∫–æ–Ω–æ–º–∏–∫–∞","1.00 / 1","","–î–∞","1.00 / 1","","2","1.00 / 1","","–ì–µ—Ä–±;–§–ª–∞–≥;–ì–∏–º–Ω","1.00 / 1","","–î–∞","1.00 / 1","","–ò–º–ø–∏—á–º–µ–Ω—Ç","1.00 / 1","","–î–∞","1.00 / 1","","3.5","-- / 1","","–ú","-- / 1","","19","-- / 1","","–í –≥–æ—Ä–æ–¥–µ","-- / 0","","–ö–∞–∑–∞—Ö—Å–∫–∏–π","-- / 0","","–ì–æ—Å—É–¥–∞—Ä—Å—Ç–≤–µ–Ω–Ω–∞—è","-- / 1","","–ù–ò–®/–ö–¢–õ/–†–§–ú–®","-- / 0","","B2","-- / 0","","–£–¥–∞—Ä–Ω–∏–∫","-- / 0","","–î–∞","-- / 0","","–ù–µ—Ç","-- / 0","","–ù–µ—Ç","-- / 1","","–î–∞","-- / 1","","–î–∞","-- / 1","","400 000 - 500 000","-- / 1","","–î–∞","-- / 1","","–ü–∞–±–ª–∏–∫–∏ –≤ —Å–æ—Ü —Å–µ—Ç—è—Ö","-- / 1","","–ù–µ—Ç","-- / 1","","–ù–µ—Ç","-- / 1","","–î–∞","-- / 1","","–î–∞","-- / 1","","–î–∞","-- / 1","","–î–∞","-- / 1","","–°–∫–æ—Ä–µ–µ –Ω–µ —É—Å—Ç—Ä–∞–∏–≤–∞–µ—Ç","-- / 1","","–î–∞","-- / 1",""
"2021/11/09 5:10:29 AM GMT+6","9.00 / 30","3","1.00 / 1","","–°—É–¥–µ–±–Ω–∞—è;–ö–æ–Ω—Å—Ç–∏—Ç—É—Ü–∏–æ–Ω–Ω–∞—è;–ò—Å–ø–æ–ª–Ω–∏—Ç–µ–ª—å–Ω–∞—è","0.00 / 1","","4","0.00 / 1","","–°–µ–Ω–∞—Ç;–ú–∞–∂–∏–ª–∏—Å","1.00 / 1","","–ê—Å–∫–∞—Ä –ú–∞–º–∏–Ω","1.00 / 1","","—Ä—ã–Ω–æ—á–Ω–∞—è —ç–∫–æ–Ω–æ–º–∏–∫–∞","1.00 / 1","","–î–∞","1.00 / 1","","2","1.00 / 1","","–ì–µ—Ä–±;–§–ª–∞–≥;–ì–∏–º–Ω","1.00 / 1","","–î–∞","1.00 / 1","","–ò–º–ø–∏—á–º–µ–Ω—Ç","1.00 / 1","","–ù–µ—Ç","0.00 / 1","","2.0","-- / 1","","–ú","-- / 1","","18","-- / 1","","–í –≥–æ—Ä–æ–¥–µ","-- / 0","","–ö–∞–∑–∞—Ö—Å–∫–∏–π","-- / 0","","–ì–æ—Å—É–¥–∞—Ä—Å—Ç–≤–µ–Ω–Ω–∞—è","-- / 1","","–ì–∏–º–Ω–∞–∑–∏—è/–ª–∏—Ü–µ–π","-- / 0","","A2","-- / 0","","–£–¥–∞—Ä–Ω–∏–∫","-- / 0","","–î–∞","-- / 0","","–î–∞","-- / 0","","–î–∞","-- / 1","","–î–∞","-- / 1","","–î–∞","-- / 1","","500 000 –∏ –±–æ–ª—å—à–µ","-- / 1","","–î–∞","-- / 1","","–ù–æ–≤–æ—Å—Ç–Ω—ã–µ –ø–æ—Ä—Ç–∞–ª—ã –≤ –∏–Ω—Ç–µ—Ä–Ω–µ—Ç–µ","-- / 1","","–ù–µ—Ç","-- / 1","","–ù–µ—Ç","-- / 1","","–î–∞","-- / 1","","–î–∞","-- / 1","","–î–∞","-- / 1","","–ù–µ—Ç","-- / 1","","–ó–∞—Ç—Ä—É–¥–Ω—è—é—Å—å –æ—Ç–≤–µ—Ç–∏—Ç—å","-- / 1","","–î–∞","-- / 1",""
"2021/11/09 10:25:16 AM GMT+6","9.00 / 30","3","1.00 / 1","","–°—É–¥–µ–±–Ω–∞—è;–ó–∞–∫–æ–Ω–æ–¥–∞—Ç–µ–ª—å–Ω–∞—è;–ò—Å–ø–æ–ª–Ω–∏—Ç–µ–ª—å–Ω–∞—è","1.00 / 1","","4","0.00 / 1","","–°–µ–Ω–∞—Ç;–ú–∞–∂–∏–ª–∏—Å","1.00 / 1","","–ê—Å–∫–∞—Ä –ú–∞–º–∏–Ω","1.00 / 1","","—Ä—ã–Ω–æ—á–Ω–∞—è —ç–∫–æ–Ω–æ–º–∏–∫–∞","1.00 / 1","","–î–∞","1.00 / 1","","2","1.00 / 1","","–ì–µ—Ä–±;–§–ª–∞–≥;–ì–∏–º–Ω","1.00 / 1","","–ù–µ—Ç","0.00 / 1","","–∏–º–ø–∏—á–º–µ–Ω—Ç","1.00 / 1","","–ù–µ—Ç","0.00 / 1","","2.53","-- / 1","","–ñ","-- / 1","","20","-- / 1","","–í –≥–æ—Ä–æ–¥–µ","-- / 0","","–ö–∞–∑–∞—Ö—Å–∫–∏–π","-- / 0","","–ß–∞—Å—Ç–Ω–∞—è","-- / 1","","–ù–ò–®/–ö–¢–õ/–†–§–ú–®","-- / 0","","B1","-- / 0","","–û—Ç–ª–∏—á–Ω–∏–∫","-- / 0","","–ù–µ—Ç","-- / 0","","–ù–µ—Ç","-- / 0","","–ù–µ—Ç","-- / 1","","–î–∞","-- / 1","","–î–∞","-- / 1","","500 000 –∏ –±–æ–ª—å—à–µ","-- / 1","","–î–∞","-- / 1","","–ü–∞–±–ª–∏–∫–∏ –≤ —Å–æ—Ü —Å–µ—Ç—è—Ö","-- / 1","","–ù–µ—Ç","-- / 1","","–ù–µ—Ç","-- / 1","","–î–∞","-- / 1","","–î–∞","-- / 1","","–ù–µ—Ç","-- / 1","","–ù–µ—Ç","-- / 1","","–ó–∞—Ç—Ä—É–¥–Ω—è—é—Å—å –æ—Ç–≤–µ—Ç–∏—Ç—å","-- / 1","","–ù–µ—Ç","-- / 1",""
"2021/11/09 11:28:26 AM GMT+6","9.00 / 30","4","0.00 / 1","","–ö–æ–Ω—Å—Ç–∏—Ç—É—Ü–∏–æ–Ω–Ω–∞—è;–ó–∞–∫–æ–Ω–æ–¥–∞—Ç–µ–ª—å–Ω–∞—è;–ò—Å–ø–æ–ª–Ω–∏—Ç–µ–ª—å–Ω–∞—è","0.00 / 1","","5","1.00 / 1","","–°–µ–Ω–∞—Ç;–ú–∞–∂–∏–ª–∏—Å","1.00 / 1","","–ê—Å–∫–∞—Ä –ú–∞–º–∏–Ω","1.00 / 1","","—Ç—Ä–∞–¥–∏—Ü–∏–æ–Ω–Ω–∞—è —ç–∫–æ–Ω–æ–º–∏–∫–∞","0.00 / 1","","–î–∞","1.00 / 1","","2","1.00 / 1","","–ì–µ—Ä–±;–§–ª–∞–≥;–ì–∏–º–Ω","1.00 / 1","","–î–∞","1.00 / 1","","–∏–º–ø–∏—á–º–µ–Ω—Ç","1.00 / 1","","–î–∞","1.00 / 1","","1.8","-- / 1","","–ú","-- / 1","","20","-- / 1","","–í –≥–æ—Ä–æ–¥–µ","-- / 0","","–ö–∞–∑–∞—Ö—Å–∫–∏–π","-- / 0","","–ì–æ—Å—É–¥–∞—Ä—Å—Ç–≤–µ–Ω–Ω–∞—è","-- / 1","","–ù–ò–®/–ö–¢–õ/–†–§–ú–®","-- / 0","","B1","-- / 0","","–û—Ç–ª–∏—á–Ω–∏–∫","-- / 0","","–î–∞","-- / 0","","–ù–µ—Ç","-- / 0","","–ù–µ—Ç","-- / 1","","–î–∞","-- / 1","","–î–∞","-- / 1","","100 000 - 200 000","-- / 1","","–î–∞","-- / 1","","–ü–∞–±–ª–∏–∫–∏ –≤ —Å–æ—Ü —Å–µ—Ç—è—Ö","-- / 1","","–ù–µ—Ç","-- / 1","","–ù–µ—Ç","-- / 1","","–î–∞","-- / 1","","–î–∞","-- / 1","","–î–∞","-- / 1","","–ù–µ—Ç","-- / 1","","–ù–µ—Ç, –Ω–µ —É—Å—Ç—Ä–∞–∏–≤–∞–µ—Ç","-- / 1","","–î–∞","-- / 1",""
"2021/11/09 11:31:17 AM GMT+6","6.00 / 30","2","0.00 / 1","","–°—É–¥–µ–±–Ω–∞—è;–ò—Å–ø–æ–ª–Ω–∏—Ç–µ–ª—å–Ω–∞—è","0.00 / 1","","6","0.00 / 1","","–°–µ–Ω–∞—Ç;–ú–∞–∂–∏–ª–∏—Å","1.00 / 1","","–ê—Å–∫–∞—Ä –ú–∞–º–∏–Ω","1.00 / 1","","—Ç—Ä–∞–¥–∏—Ü–∏–æ–Ω–Ω–∞—è —ç–∫–æ–Ω–æ–º–∏–∫–∞","0.00 / 1","","–ù–µ—Ç","0.00 / 1","","2","1.00 / 1","","–ì–µ—Ä–±;–§–ª–∞–≥;–ì–∏–º–Ω","1.00 / 1","","–î–∞","1.00 / 1","","–ò–º–ø–∏—á–º–µ–Ω—Ç","1.00 / 1","","–ù–µ—Ç","0.00 / 1","","3.08","-- / 1","","–ú","-- / 1","","20","-- / 1","","–í –≥–æ—Ä–æ–¥–µ","-- / 0","","–ö–∞–∑–∞—Ö—Å–∫–∏–π","-- / 0","","–ì–æ—Å—É–¥–∞—Ä—Å—Ç–≤–µ–Ω–Ω–∞—è","-- / 1","","–û–±—ã—á–Ω–∞—è —à–∫–æ–ª–∞","-- / 0","","B1","-- / 0","","–û—Ç–ª–∏—á–Ω–∏–∫","-- / 0","","–î–∞","-- / 0","","–ù–µ—Ç","-- / 0","","–ù–µ—Ç","-- / 1","","–ù–µ—Ç","-- / 1","","–ù–µ—Ç","-- / 1","","200 000 - 300 000","-- / 1","","–î–∞","-- / 1","","–ü–∞–±–ª–∏–∫–∏ –≤ —Å–æ—Ü —Å–µ—Ç—è—Ö","-- / 1","","–ù–µ—Ç","-- / 1","","–ù–µ—Ç","-- / 1","","–î–∞","-- / 1","","–ù–µ—Ç","-- / 1","","–ù–µ—Ç","-- / 1","","–î–∞","-- / 1","","–ù–µ—Ç, –Ω–µ —É—Å—Ç—Ä–∞–∏–≤–∞–µ—Ç","-- / 1","","–î–∞","-- / 1",""
"2021/11/09 11:32:03 AM GMT+6","7.00 / 30","3","1.00 / 1","","–°—É–¥–µ–±–Ω–∞—è;–ö–æ–Ω—Å—Ç–∏—Ç—É—Ü–∏–æ–Ω–Ω–∞—è;–ó–∞–∫–æ–Ω–æ–¥–∞—Ç–µ–ª—å–Ω–∞—è","0.00 / 1","","5","1.00 / 1","","–í–µ—Ä—Ö–Ω—è—è –ø–∞–ª–∞—Ç–∞;–ù–∏–∂–Ω—è—è –ø–∞–ª–∞—Ç–∞","0.00 / 1","","–ê—Å–∫–∞—Ä –ú–∞–º–∏–Ω","1.00 / 1","","—Ç—Ä–∞–¥–∏—Ü–∏–æ–Ω–Ω–∞—è —ç–∫–æ–Ω–æ–º–∏–∫–∞","0.00 / 1","","–î–∞","1.00 / 1","","–±–µ—Å–∫–æ–Ω–µ—á–Ω–æ","0.00 / 1","","–ì–µ—Ä–±;–§–ª–∞–≥;–ì–∏–º–Ω","1.00 / 1","","–ù–µ—Ç","0.00 / 1","","–∏–º–ø–∏—á–º–µ–Ω—Ç","1.00 / 1","","–î–∞","1.00 / 1","","3.22","-- / 1","","–ú","-- / 1","","19","-- / 1","","–í —Å–µ–ª–µ","-- / 0","","–ö–∞–∑–∞—Ö—Å–∫–∏–π","-- / 0","","–ì–æ—Å—É–¥–∞—Ä—Å—Ç–≤–µ–Ω–Ω–∞—è","-- / 1","","–û–±—ã—á–Ω–∞—è —à–∫–æ–ª–∞","-- / 0","","A2","-- / 0","","–û—Ç–ª–∏—á–Ω–∏–∫","-- / 0","","–î–∞","-- / 0","","–î–∞","-- / 0","","–î–∞","-- / 1","","–î–∞","-- / 1","","–î–∞","-- / 1","","300 000 - 400 000","-- / 1","","–î–∞","-- / 1","","–ü–∞–±–ª–∏–∫–∏ –≤ —Å–æ—Ü —Å–µ—Ç—è—Ö","-- / 1","","–ù–µ—Ç","-- / 1","","–ù–µ—Ç","-- / 1","","–î–∞","-- / 1","","–î–∞","-- / 1","","–î–∞","-- / 1","","–î–∞","-- / 1","","–°–∫–æ—Ä–µ–µ —É—Å—Ç—Ä–∞–∏–≤–∞–µ—Ç","-- / 1","","–î–∞","-- / 1",""
"2021/11/09 11:38:08 AM GMT+6","11.00 / 30","3","1.00 / 1","","–°—É–¥–µ–±–Ω–∞—è;–ó–∞–∫–æ–Ω–æ–¥–∞—Ç–µ–ª—å–Ω–∞—è;–ò—Å–ø–æ–ª–Ω–∏—Ç–µ–ª—å–Ω–∞—è","1.00 / 1","","5","1.00 / 1","","–°–µ–Ω–∞—Ç;–ú–∞–∂–∏–ª–∏—Å","1.00 / 1","","–ê—Å–∫–∞—Ä –ú–∞–º–∏–Ω","1.00 / 1","","–ø–ª–∞–Ω–æ–≤–∞—è —ç–∫–æ–Ω–æ–º–∏–∫–∞","0.00 / 1","","–î–∞","1.00 / 1","","2","1.00 / 1","","–ì–µ—Ä–±;–§–ª–∞–≥;–ì–∏–º–Ω","1.00 / 1","","–î–∞","1.00 / 1","","–ò–º–ø–∏—á–º–µ–Ω—Ç","1.00 / 1","","–î–∞","1.00 / 1","","3.27","-- / 1","","–ú","-- / 1","","18","-- / 1","","–í –≥–æ—Ä–æ–¥–µ","-- / 0","","–ö–∞–∑–∞—Ö—Å–∫–∏–π","-- / 0","","–ì–æ—Å—É–¥–∞—Ä—Å—Ç–≤–µ–Ω–Ω–∞—è","-- / 1","","–ì–∏–º–Ω–∞–∑–∏—è/–ª–∏—Ü–µ–π","-- / 0","","A2","-- / 0","","–û—Ç–ª–∏—á–Ω–∏–∫","-- / 0","","–î–∞","-- / 0","","–î–∞","-- / 0","","–ù–µ—Ç","-- / 1","","–ù–µ—Ç","-- / 1","","–î–∞","-- / 1","","200 000 - 300 000","-- / 1","","–î–∞","-- / 1","","–ü–∞–±–ª–∏–∫–∏ –≤ —Å–æ—Ü —Å–µ—Ç—è—Ö","-- / 1","","–ù–µ—Ç","-- / 1","","–ù–µ—Ç","-- / 1","","–ù–µ—Ç","-- / 1","","–ù–µ—Ç","-- / 1","","–î–∞","-- / 1","","–î–∞","-- / 1","","–î–∞, —É—Å—Ç—Ä–∞–∏–≤–∞–µ—Ç","-- / 1","","–î–∞","-- / 1",""
"2021/11/09 12:22:32 PM GMT+6","10.00 / 30","3","1.00 / 1","","–°—É–¥–µ–±–Ω–∞—è;–ó–∞–∫–æ–Ω–æ–¥–∞—Ç–µ–ª—å–Ω–∞—è;–ò—Å–ø–æ–ª–Ω–∏—Ç–µ–ª—å–Ω–∞—è","1.00 / 1","","5","1.00 / 1","","–°–µ–Ω–∞—Ç;–ú–∞–∂–∏–ª–∏—Å","1.00 / 1","","–ê—Å–∫–∞—Ä –ú–∞–º–∏–Ω","1.00 / 1","","–ø–ª–∞–Ω–æ–≤–∞—è —ç–∫–æ–Ω–æ–º–∏–∫–∞","0.00 / 1","","–î–∞","1.00 / 1","","2","1.00 / 1","","–ì–µ—Ä–±;–§–ª–∞–≥;–ì–∏–º–Ω","1.00 / 1","","–î–∞","1.00 / 1","","–ò–Ω–ø–∏—á–º–µ–Ω—Ç ","0.00 / 1","","–î–∞","1.00 / 1","","2.1","-- / 1","","–ú","-- / 1","","19","-- / 1","","–í —Å–µ–ª–µ","-- / 0","","–ö–∞–∑–∞—Ö—Å–∫–∏–π","-- / 0","","–ì–æ—Å—É–¥–∞—Ä—Å—Ç–≤–µ–Ω–Ω–∞—è","-- / 1","","–û–±—ã—á–Ω–∞—è —à–∫–æ–ª–∞","-- / 0","","A0-A1","-- / 0","","–£–¥–∞—Ä–Ω–∏–∫","-- / 0","","–ù–µ—Ç","-- / 0","","–î–∞","-- / 0","","–ù–µ—Ç","-- / 1","","–î–∞","-- / 1","","–î–∞","-- / 1","","100 000 - 200 000","-- / 1","","–ù–µ—Ç","-- / 1","","–ü–∞–±–ª–∏–∫–∏ –≤ —Å–æ—Ü —Å–µ—Ç—è—Ö","-- / 1","","–ù–µ—Ç","-- / 1","","–ù–µ—Ç","-- / 1","","–ù–µ—Ç","-- / 1","","–ù–µ—Ç","-- / 1","","–ù–µ—Ç","-- / 1","","–î–∞","-- / 1","","–î–∞, —É—Å—Ç—Ä–∞–∏–≤–∞–µ—Ç","-- / 1","","–î–∞","-- / 1",""
"2021/11/09 12:54:28 PM GMT+6","8.00 / 30","4","0.00 / 1","","–°—É–¥–µ–±–Ω–∞—è;–ö–æ–Ω—Å—Ç–∏—Ç—É—Ü–∏–æ–Ω–Ω–∞—è;–ó–∞–∫–æ–Ω–æ–¥–∞—Ç–µ–ª—å–Ω–∞—è;–ò—Å–ø–æ–ª–Ω–∏—Ç–µ–ª—å–Ω–∞—è","0.00 / 1","","4","0.00 / 1","","–°–µ–Ω–∞—Ç;–ú–∞–∂–∏–ª–∏—Å","1.00 / 1","","–ê—Å–∫–∞—Ä –ú–∞–º–∏–Ω","1.00 / 1","","—Ä—ã–Ω–æ—á–Ω–∞—è —ç–∫–æ–Ω–æ–º–∏–∫–∞","1.00 / 1","","–î–∞","1.00 / 1","","2","1.00 / 1","","–ì–µ—Ä–±;–§–ª–∞–≥;–ì–∏–º–Ω","1.00 / 1","","–î–∞","1.00 / 1","","–∞—ã–≤","0.00 / 1","","–î–∞","1.00 / 1","","2,76","-- / 1","","–ú","-- / 1","","18","-- / 1","","–í –≥–æ—Ä–æ–¥–µ","-- / 0","","–ö–∞–∑–∞—Ö—Å–∫–∏–π","-- / 0","","–ì–æ—Å—É–¥–∞—Ä—Å—Ç–≤–µ–Ω–Ω–∞—è","-- / 1","","–ù–ò–®/–ö–¢–õ/–†–§–ú–®","-- / 0","","A0-A1","-- / 0","","–û—Ç–ª–∏—á–Ω–∏–∫","-- / 0","","–ù–µ—Ç","-- / 0","","–î–∞","-- / 0","","–î–∞","-- / 1","","–î–∞","-- / 1","","–î–∞","-- / 1","","100 000 - 200 000","-- / 1","","–î–∞","-- / 1","","–ù–æ–≤–æ—Å—Ç–Ω—ã–µ –ø–æ—Ä—Ç–∞–ª—ã –≤ –∏–Ω—Ç–µ—Ä–Ω–µ—Ç–µ","-- / 1","","–î–∞","-- / 1","","–ù–µ—Ç","-- / 1","","–ù–µ—Ç","-- / 1","","–î–∞","-- / 1","","–î–∞","-- / 1","","–ù–µ—Ç","-- / 1","","–ù–µ—Ç, –Ω–µ —É—Å—Ç—Ä–∞–∏–≤–∞–µ—Ç","-- / 1","","–ù–µ—Ç","-- / 1",""
"2021/11/09 5:18:32 PM GMT+6","10.00 / 30","3","1.00 / 1","","–°—É–¥–µ–±–Ω–∞—è;–ó–∞–∫–æ–Ω–æ–¥–∞—Ç–µ–ª—å–Ω–∞—è;–ò—Å–ø–æ–ª–Ω–∏—Ç–µ–ª—å–Ω–∞—è","1.00 / 1","","5","1.00 / 1","","–°–µ–Ω–∞—Ç;–ú–∞–∂–∏–ª–∏—Å","1.00 / 1","","–ê—Å–∫–∞—Ä –ú–∞–º–∏–Ω","1.00 / 1","","—Ä—ã–Ω–æ—á–Ω–∞—è —ç–∫–æ–Ω–æ–º–∏–∫–∞","1.00 / 1","","–î–∞","1.00 / 1","","2, –Ω–æ —É –ù–∞–∑–∞—Ä–±–∞–µ–≤–∞ –Ω–µ—Ç –æ–≥—Ä–∞–Ω–∏—á–µ–Ω–∏–π","0.00 / 1","","–ì–µ—Ä–±;–§–ª–∞–≥;–ì–∏–º–Ω","1.00 / 1","","–î–∞","1.00 / 1","","–∏–º–ø–∏—á–º–µ–Ω—Ç","1.00 / 1","","–ù–µ—Ç","0.00 / 1","","3.6","-- / 1","","–ú","-- / 1","","19","-- / 1","","–í —Å–µ–ª–µ","-- / 0","","–†—É—Å—Å–∫–∏–π","-- / 0","","–ì–æ—Å—É–¥–∞—Ä—Å—Ç–≤–µ–Ω–Ω–∞—è","-- / 1","","–û–±—ã—á–Ω–∞—è —à–∫–æ–ª–∞","-- / 0","","A0-A1","-- / 0","","–û—Ç–ª–∏—á–Ω–∏–∫","-- / 0","","–î–∞","-- / 0","","–ù–µ—Ç","-- / 0","","–ù–µ—Ç","-- / 1","","–î–∞","-- / 1","","–î–∞","-- / 1","","200 000 - 300 000","-- / 1","","–î–∞","-- / 1","","–ù–æ–≤–æ—Å—Ç–Ω—ã–µ –ø–æ—Ä—Ç–∞–ª—ã –≤ –∏–Ω—Ç–µ—Ä–Ω–µ—Ç–µ","-- / 1","","–ù–µ—Ç","-- / 1","","–ù–µ—Ç","-- / 1","","–î–∞","-- / 1","","–î–∞","-- / 1","","–ù–µ—Ç","-- / 1","","–ù–µ—Ç","-- / 1","","–ù–µ—Ç, –Ω–µ —É—Å—Ç—Ä–∞–∏–≤–∞–µ—Ç","-- / 1","","–î–∞","-- / 1",""
"2021/11/09 5:33:32 PM GMT+6","2.00 / 30","3","1.00 / 1","","–ó–∞–∫–æ–Ω–æ–¥–∞—Ç–µ–ª—å–Ω–∞—è;–ò—Å–ø–æ–ª–Ω–∏—Ç–µ–ª—å–Ω–∞—è;–†–µ–≥—É–ª–∏—Ä—É—é—â–∞—è","0.00 / 1","","10","0.00 / 1","","–í–µ—Ä—Ö–Ω—è—è –ø–∞–ª–∞—Ç–∞;–ö–æ–Ω–≥—Ä–µ—Å—Å;–ì–æ—Å—É–¥–∞—Ä—Å—Ç–≤–µ–Ω–Ω–∞—è –¥—É–º–∞","0.00 / 1","","–ê–ª–∏—Ö–∞–Ω –°–º–∞–∏–ª–æ–≤","0.00 / 1","","—Ä—ã–Ω–æ—á–Ω–∞—è —ç–∫–æ–Ω–æ–º–∏–∫–∞","1.00 / 1","","–ù–µ—Ç","0.00 / 1","","3","0.00 / 1","","–ö–æ–Ω—Å—Ç–∏—Ç—É—Ü–∏—è;–ì–µ—Ä–±;–ì–∏–º–Ω","0.00 / 1","","–ù–µ—Ç","0.00 / 1","","–¢–µ—Ä–º–∏–Ω–∞—Ü–∏—è (—Ö–∑)","0.00 / 1","","–ù–µ—Ç","0.00 / 1","","2.9","-- / 1","","–ú","-- / 1","","20","-- / 1","","–í –≥–æ—Ä–æ–¥–µ","-- / 0","","–ö–∞–∑–∞—Ö—Å–∫–∏–π","-- / 0","","–ì–æ—Å—É–¥–∞—Ä—Å—Ç–≤–µ–Ω–Ω–∞—è","-- / 1","","–ì–∏–º–Ω–∞–∑–∏—è/–ª–∏—Ü–µ–π","-- / 0","","B2","-- / 0","","–£–¥–∞—Ä–Ω–∏–∫","-- / 0","","–î–∞","-- / 0","","–ù–µ—Ç","-- / 0","","–î–∞","-- / 1","","–ù–µ—Ç","-- / 1","","–î–∞","-- / 1","","400 000 - 500 000","-- / 1","","–ù–µ—Ç","-- / 1","","–ë–ª–æ–≥–≥–µ—Ä—ã","-- / 1","","–ù–µ—Ç","-- / 1","","–ù–µ—Ç","-- / 1","","–î–∞","-- / 1","","–ù–µ—Ç","-- / 1","","–î–∞","-- / 1","","–ù–µ—Ç","-- / 1","","–ó–∞—Ç—Ä—É–¥–Ω—è—é—Å—å –æ—Ç–≤–µ—Ç–∏—Ç—å","-- / 1","","–î–∞","-- / 1",""
"2021/11/09 5:43:23 PM GMT+6","7.00 / 30","3","1.00 / 1","","–ö–æ–Ω—Å—Ç–∏—Ç—É—Ü–∏–æ–Ω–Ω–∞—è;–ó–∞–∫–æ–Ω–æ–¥–∞—Ç–µ–ª—å–Ω–∞—è;–ò—Å–ø–æ–ª–Ω–∏—Ç–µ–ª—å–Ω–∞—è","0.00 / 1","","30","0.00 / 1","","–°–µ–Ω–∞—Ç;–ú–∞–∂–∏–ª–∏—Å","1.00 / 1","","–ê—Å—Ö–∞—Ç –ê–π–º–∞–≥–∞–º–±–µ—Ç–æ–≤","0.00 / 1","","–ø–ª–∞–Ω–æ–≤–∞—è —ç–∫–æ–Ω–æ–º–∏–∫–∞","0.00 / 1","","–î–∞","1.00 / 1","","2","1.00 / 1","","–ì–µ—Ä–±;–§–ª–∞–≥;–ì–∏–º–Ω","1.00 / 1","","–î–∞","1.00 / 1","","–ò–º–ø–∏—á–º–µ–Ω—Ç ","1.00 / 1","","–ù–µ—Ç","0.00 / 1","","?","-- / 1","","–ñ","-- / 1","","17","-- / 1","","–í –≥–æ—Ä–æ–¥–µ","-- / 0","","–†—É—Å—Å–∫–∏–π","-- / 0","","–ì–æ—Å—É–¥–∞—Ä—Å—Ç–≤–µ–Ω–Ω–∞—è","-- / 1","","–ì–∏–º–Ω–∞–∑–∏—è/–ª–∏—Ü–µ–π","-- / 0","","B1","-- / 0","","–£–¥–∞—Ä–Ω–∏–∫","-- / 0","","–î–∞","-- / 0","","–î–∞","-- / 0","","–î–∞","-- / 1","","–ù–µ—Ç","-- / 1","","–î–∞","-- / 1","","50 000 - 100 000","-- / 1","","–î–∞","-- / 1","","–ü–∞–±–ª–∏–∫–∏ –≤ —Å–æ—Ü —Å–µ—Ç—è—Ö","-- / 1","","–ù–µ—Ç","-- / 1","","–ù–µ—Ç","-- / 1","","–î–∞","-- / 1","","–ù–µ—Ç","-- / 1","","–ù–µ—Ç","-- / 1","","–ù–µ—Ç","-- / 1","","–ó–∞—Ç—Ä—É–¥–Ω—è—é—Å—å –æ—Ç–≤–µ—Ç–∏—Ç—å","-- / 1","","–î–∞","-- / 1",""
"2021/11/09 5:56:18 PM GMT+6","7.00 / 30","2","0.00 / 1","","–ö–æ–Ω—Å—Ç–∏—Ç—É—Ü–∏–æ–Ω–Ω–∞—è","0.00 / 1","","4","0.00 / 1","","–°–µ–Ω–∞—Ç;–ú–∞–∂–∏–ª–∏—Å","1.00 / 1","","–ê—Å–∫–∞—Ä –ú–∞–º–∏–Ω","1.00 / 1","","—Ä—ã–Ω–æ—á–Ω–∞—è —ç–∫–æ–Ω–æ–º–∏–∫–∞","1.00 / 1","","–î–∞","1.00 / 1","","2","1.00 / 1","","–ì–µ—Ä–±;–§–ª–∞–≥;–ì–∏–º–Ω","1.00 / 1","","–î–∞","1.00 / 1","","–û—Ç—Å—Ç–∞–≤–∫–∞","0.00 / 1","","–ù–µ—Ç","0.00 / 1","","3.58","-- / 1","","–ú","-- / 1","","20","-- / 1","","–í —Å–µ–ª–µ","-- / 0","","–ö–∞–∑–∞—Ö—Å–∫–∏–π","-- / 0","","–ì–æ—Å—É–¥–∞—Ä—Å—Ç–≤–µ–Ω–Ω–∞—è","-- / 1","","–ù–ò–®/–ö–¢–õ/–†–§–ú–®","-- / 0","","C1-C2","-- / 0","","–£–¥–∞—Ä–Ω–∏–∫","-- / 0","","–î–∞","-- / 0","","–ù–µ—Ç","-- / 0","","–ù–µ—Ç","-- / 1","","–î–∞","-- / 1","","–î–∞","-- / 1","","500 000 –∏ –±–æ–ª—å—à–µ","-- / 1","","–ù–µ—Ç","-- / 1","","–ü–∞–±–ª–∏–∫–∏ –≤ —Å–æ—Ü —Å–µ—Ç—è—Ö","-- / 1","","–ù–µ—Ç","-- / 1","","–ù–µ—Ç","-- / 1","","–ù–µ—Ç","-- / 1","","–ù–µ—Ç","-- / 1","","–ù–µ—Ç","-- / 1","","–î–∞","-- / 1","","–°–∫–æ—Ä–µ–µ —É—Å—Ç—Ä–∞–∏–≤–∞–µ—Ç","-- / 1","","–î–∞","-- / 1",""
"2021/11/09 6:04:02 PM GMT+6","12.00 / 30","3","1.00 / 1","","–°—É–¥–µ–±–Ω–∞—è;–ó–∞–∫–æ–Ω–æ–¥–∞—Ç–µ–ª—å–Ω–∞—è;–ò—Å–ø–æ–ª–Ω–∏—Ç–µ–ª—å–Ω–∞—è","1.00 / 1","","5","1.00 / 1","","–°–µ–Ω–∞—Ç;–ú–∞–∂–∏–ª–∏—Å","1.00 / 1","","–ê—Å–∫–∞—Ä –ú–∞–º–∏–Ω","1.00 / 1","","—Ä—ã–Ω–æ—á–Ω–∞—è —ç–∫–æ–Ω–æ–º–∏–∫–∞","1.00 / 1","","–î–∞","1.00 / 1","","2","1.00 / 1","","–ì–µ—Ä–±;–§–ª–∞–≥;–ì–∏–º–Ω","1.00 / 1","","–î–∞","1.00 / 1","","–ò–º–ø–∏—á–º–µ–Ω—Ç","1.00 / 1","","–î–∞","1.00 / 1","","3.5","-- / 1","","–ú","-- / 1","","20","-- / 1","","–í –≥–æ—Ä–æ–¥–µ","-- / 0","","–ö–∞–∑–∞—Ö—Å–∫–∏–π","-- / 0","","–ì–æ—Å—É–¥–∞—Ä—Å—Ç–≤–µ–Ω–Ω–∞—è","-- / 1","","–ù–ò–®/–ö–¢–õ/–†–§–ú–®","-- / 0","","C1-C2","-- / 0","","–û—Ç–ª–∏—á–Ω–∏–∫","-- / 0","","–î–∞","-- / 0","","–î–∞","-- / 0","","–ù–µ—Ç","-- / 1","","–î–∞","-- / 1","","–ù–µ—Ç","-- / 1","","400 000 - 500 000","-- / 1","","–î–∞","-- / 1","","–ù–æ–≤–æ—Å—Ç–Ω—ã–µ –ø–æ—Ä—Ç–∞–ª—ã –≤ –∏–Ω—Ç–µ—Ä–Ω–µ—Ç–µ","-- / 1","","–ù–µ—Ç","-- / 1","","–ù–µ—Ç","-- / 1","","–ù–µ—Ç","-- / 1","","–î–∞","-- / 1","","–ù–µ—Ç","-- / 1","","–î–∞","-- / 1","","–°–∫–æ—Ä–µ–µ –Ω–µ —É—Å—Ç—Ä–∞–∏–≤–∞–µ—Ç","-- / 1","","–î–∞","-- / 1",""
"2021/11/09 6:05:45 PM GMT+6","8.00 / 30","3","1.00 / 1","","–°—É–¥–µ–±–Ω–∞—è;–ó–∞–∫–æ–Ω–æ–¥–∞—Ç–µ–ª—å–Ω–∞—è;–ò—Å–ø–æ–ª–Ω–∏—Ç–µ–ª—å–Ω–∞—è","1.00 / 1","","7","0.00 / 1","","–°–µ–Ω–∞—Ç;–ú–∞–∂–∏–ª–∏—Å","1.00 / 1","","–ù—É—Ä–ª–∞–Ω –ù–∏–≥–º–∞—Ç—É–ª–∏–Ω","0.00 / 1","","—Ä—ã–Ω–æ—á–Ω–∞—è —ç–∫–æ–Ω–æ–º–∏–∫–∞","1.00 / 1","","–î–∞","1.00 / 1","","2","1.00 / 1","","–ì–µ—Ä–±;–§–ª–∞–≥;–ì–∏–º–Ω","1.00 / 1","","–î–∞","1.00 / 1","","impeachment ","0.00 / 1","","–ù–µ—Ç","0.00 / 1","","3.73","-- / 1","","–ñ","-- / 1","","18","-- / 1","","–í –≥–æ—Ä–æ–¥–µ","-- / 0","","–ö–∞–∑–∞—Ö—Å–∫–∏–π","-- / 0","","–ì–æ—Å—É–¥–∞—Ä—Å—Ç–≤–µ–Ω–Ω–∞—è","-- / 1","","–û–±—ã—á–Ω–∞—è —à–∫–æ–ª–∞","-- / 0","","B2","-- / 0","","–û—Ç–ª–∏—á–Ω–∏–∫","-- / 0","","–ù–µ—Ç","-- / 0","","–ù–µ—Ç","-- / 0","","–î–∞","-- / 1","","–ù–µ—Ç","-- / 1","","–î–∞","-- / 1","","300 000 - 400 000","-- / 1","","–ù–µ—Ç","-- / 1","","–ù–æ–≤–æ—Å—Ç–Ω—ã–µ –ø–æ—Ä—Ç–∞–ª—ã –≤ –∏–Ω—Ç–µ—Ä–Ω–µ—Ç–µ","-- / 1","","–ù–µ—Ç","-- / 1","","–ù–µ—Ç","-- / 1","","–î–∞","-- / 1","","–î–∞","-- / 1","","–î–∞","-- / 1","","–î–∞","-- / 1","","–°–∫–æ—Ä–µ–µ —É—Å—Ç—Ä–∞–∏–≤–∞–µ—Ç","-- / 1","","–î–∞","-- / 1",""
"2021/11/09 6:25:31 PM GMT+6","7.00 / 30","3","1.00 / 1","","–°—É–¥–µ–±–Ω–∞—è;–ó–∞–∫–æ–Ω–æ–¥–∞—Ç–µ–ª—å–Ω–∞—è;–ò—Å–ø–æ–ª–Ω–∏—Ç–µ–ª—å–Ω–∞—è","1.00 / 1","","4","0.00 / 1","","–í–µ—Ä—Ö–Ω—è—è –ø–∞–ª–∞—Ç–∞;–°–µ–Ω–∞—Ç;–ù–∏–∂–Ω—è—è –ø–∞–ª–∞—Ç–∞;–ú–∞–∂–∏–ª–∏—Å","0.00 / 1","","–ê—Å–∫–∞—Ä –ú–∞–º–∏–Ω","1.00 / 1","","—Ä—ã–Ω–æ—á–Ω–∞—è —ç–∫–æ–Ω–æ–º–∏–∫–∞","1.00 / 1","","–î–∞","1.00 / 1","","?","0.00 / 1","","–ì–µ—Ä–±;–§–ª–∞–≥;–ì–∏–º–Ω","1.00 / 1","","–ù–µ—Ç","0.00 / 1","","–∏–º–ø–∏—á–º–µ–Ω—Ç (?)","0.00 / 1","","–î–∞","1.00 / 1","","1 –∫—É—Ä—Å","-- / 1","","–ñ","-- / 1","","19","-- / 1","","–í –≥–æ—Ä–æ–¥–µ","-- / 0","","–ö–∞–∑–∞—Ö—Å–∫–∏–π","-- / 0","","–ì–æ—Å—É–¥–∞—Ä—Å—Ç–≤–µ–Ω–Ω–∞—è","-- / 1","","–ù–ò–®/–ö–¢–õ/–†–§–ú–®","-- / 0","","C1-C2","-- / 0","","–û—Ç–ª–∏—á–Ω–∏–∫","-- / 0","","–ù–µ—Ç","-- / 0","","–ù–µ—Ç","-- / 0","","–ù–µ—Ç","-- / 1","","–î–∞","-- / 1","","–ù–µ—Ç","-- / 1","","200 000 - 300 000","-- / 1","","–î–∞","-- / 1","","–ù–æ–≤–æ—Å—Ç–Ω—ã–µ –ø–æ—Ä—Ç–∞–ª—ã –≤ –∏–Ω—Ç–µ—Ä–Ω–µ—Ç–µ","-- / 1","","–ù–µ—Ç","-- / 1","","–ù–µ—Ç","-- / 1","","–ù–µ—Ç","-- / 1","","–ù–µ—Ç","-- / 1","","–ù–µ—Ç","-- / 1","","–ù–µ—Ç","-- / 1","","–°–∫–æ—Ä–µ–µ —É—Å—Ç—Ä–∞–∏–≤–∞–µ—Ç","-- / 1","","–î–∞","-- / 1",""
"2021/11/09 6:34:50 PM GMT+6","7.00 / 30","3","1.00 / 1","","–ó–∞–∫–æ–Ω–æ–¥–∞—Ç–µ–ª—å–Ω–∞—è;–ò—Å–ø–æ–ª–Ω–∏—Ç–µ–ª—å–Ω–∞—è;–†–µ–≥—É–ª–∏—Ä—É—é—â–∞—è","0.00 / 1","","4","0.00 / 1","","–í–µ—Ä—Ö–Ω—è—è –ø–∞–ª–∞—Ç–∞;–ü–∞–ª–∞—Ç–∞ –æ–±—â–∏–Ω;–ù–∏–∂–Ω—è—è –ø–∞–ª–∞—Ç–∞","0.00 / 1","","–ê—Å–∫–∞—Ä –ú–∞–º–∏–Ω","1.00 / 1","","—Ä—ã–Ω–æ—á–Ω–∞—è —ç–∫–æ–Ω–æ–º–∏–∫–∞","1.00 / 1","","–î–∞","1.00 / 1","","4","0.00 / 1","","–ì–µ—Ä–±;–§–ª–∞–≥;–ì–∏–º–Ω","1.00 / 1","","–î–∞","1.00 / 1","","–ù–µ –∑–Ω–∞—é, –¥–µ–∏–Ω–∞—É–≥—É—Ä–∞—Ü–∏—è?","0.00 / 1","","–î–∞","1.00 / 1","","3.22","-- / 1","","–ñ","-- / 1","","21","-- / 1","","–í –≥–æ—Ä–æ–¥–µ","-- / 0","","–†—É—Å—Å–∫–∏–π","-- / 0","","–ì–æ—Å—É–¥–∞—Ä—Å—Ç–≤–µ–Ω–Ω–∞—è","-- / 1","","–ù–ò–®/–ö–¢–õ/–†–§–ú–®","-- / 0","","B2","-- / 0","","–£–¥–∞—Ä–Ω–∏–∫","-- / 0","","–î–∞","-- / 0","","–î–∞","-- / 0","","–ù–µ—Ç","-- / 1","","–î–∞","-- / 1","","–î–∞","-- / 1","","300 000 - 400 000","-- / 1","","–î–∞","-- / 1","","–ù–æ–≤–æ—Å—Ç–Ω—ã–µ –ø–æ—Ä—Ç–∞–ª—ã –≤ –∏–Ω—Ç–µ—Ä–Ω–µ—Ç–µ","-- / 1","","–ù–µ—Ç","-- / 1","","–ù–µ—Ç","-- / 1","","–î–∞","-- / 1","","–ù–µ—Ç","-- / 1","","–ù–µ—Ç","-- / 1","","–î–∞","-- / 1","","–ó–∞—Ç—Ä—É–¥–Ω—è—é—Å—å –æ—Ç–≤–µ—Ç–∏—Ç—å","-- / 1","","–î–∞","-- / 1",""
"2021/11/09 6:54:19 PM GMT+6","10.00 / 30","2","0.00 / 1","","–ö–æ–Ω—Å—Ç–∏—Ç—É—Ü–∏–æ–Ω–Ω–∞—è;–ò—Å–ø–æ–ª–Ω–∏—Ç–µ–ª—å–Ω–∞—è","0.00 / 1","","5","1.00 / 1","","–°–µ–Ω–∞—Ç;–ú–∞–∂–∏–ª–∏—Å","1.00 / 1","","–ê—Å–∫–∞—Ä –ú–∞–º–∏–Ω","1.00 / 1","","—Ä—ã–Ω–æ—á–Ω–∞—è —ç–∫–æ–Ω–æ–º–∏–∫–∞","1.00 / 1","","–î–∞","1.00 / 1","","2","1.00 / 1","","–ì–µ—Ä–±;–§–ª–∞–≥;–ì–∏–º–Ω","1.00 / 1","","–î–∞","1.00 / 1","","–∏–º–ø–∏—á–º–µ–Ω—Ç","1.00 / 1","","–î–∞","1.00 / 1","","3.74","-- / 1","","–ñ","-- / 1","","17","-- / 1","","–í —Å–µ–ª–µ","-- / 0","","–ö–∞–∑–∞—Ö—Å–∫–∏–π","-- / 0","","–ì–æ—Å—É–¥–∞—Ä—Å—Ç–≤–µ–Ω–Ω–∞—è","-- / 1","","–û–±—ã—á–Ω–∞—è —à–∫–æ–ª–∞","-- / 0","","A2","-- / 0","","–£–¥–∞—Ä–Ω–∏–∫","-- / 0","","–î–∞","-- / 0","","–î–∞","-- / 0","","–ù–µ—Ç","-- / 1","","–î–∞","-- / 1","","–î–∞","-- / 1","","100 000 - 200 000","-- / 1","","–î–∞","-- / 1","","–ù–æ–≤–æ—Å—Ç–Ω—ã–µ –ø–æ—Ä—Ç–∞–ª—ã –≤ –∏–Ω—Ç–µ—Ä–Ω–µ—Ç–µ","-- / 1","","–î–∞","-- / 1","","–ù–µ—Ç","-- / 1","","–î–∞","-- / 1","","–î–∞","-- / 1","","–î–∞","-- / 1","","–ù–µ—Ç","-- / 1","","–°–∫–æ—Ä–µ–µ –Ω–µ —É—Å—Ç—Ä–∞–∏–≤–∞–µ—Ç","-- / 1","","–î–∞","-- / 1",""
"2021/11/09 6:58:46 PM GMT+6","10.00 / 30","3","1.00 / 1","","–°—É–¥–µ–±–Ω–∞—è;–ó–∞–∫–æ–Ω–æ–¥–∞—Ç–µ–ª—å–Ω–∞—è;–ò—Å–ø–æ–ª–Ω–∏—Ç–µ–ª—å–Ω–∞—è","1.00 / 1","","4","0.00 / 1","","–°–µ–Ω–∞—Ç;–ú–∞–∂–∏–ª–∏—Å","1.00 / 1","","–ê—Å–∫–∞—Ä –ú–∞–º–∏–Ω","1.00 / 1","","—Ä—ã–Ω–æ—á–Ω–∞—è —ç–∫–æ–Ω–æ–º–∏–∫–∞","1.00 / 1","","–î–∞","1.00 / 1","","2","1.00 / 1","","–ó–∞–∫–æ–Ω;–§–ª–∞–≥;–ì–∏–º–Ω","0.00 / 1","","–î–∞","1.00 / 1","","–ò–º–ø–∏—á–º–µ–Ω—Ç","1.00 / 1","","–î–∞","1.00 / 1","","2.9","-- / 1","","–ú","-- / 1","","18","-- / 1","","–í –≥–æ—Ä–æ–¥–µ","-- / 0","","–†—É—Å—Å–∫–∏–π","-- / 0","","–ß–∞—Å—Ç–Ω–∞—è","-- / 1","","–ù–ò–®/–ö–¢–õ/–†–§–ú–®","-- / 0","","B2","-- / 0","","–£–¥–∞—Ä–Ω–∏–∫","-- / 0","","–ù–µ—Ç","-- / 0","","–ù–µ—Ç","-- / 0","","–ù–µ—Ç","-- / 1","","–î–∞","-- / 1","","–î–∞","-- / 1","","500 000 –∏ –±–æ–ª—å—à–µ","-- / 1","","–î–∞","-- / 1","","–ù–æ–≤–æ—Å—Ç–Ω—ã–µ –ø–æ—Ä—Ç–∞–ª—ã –≤ –∏–Ω—Ç–µ—Ä–Ω–µ—Ç–µ","-- / 1","","–ù–µ—Ç","-- / 1","","–ù–µ—Ç","-- / 1","","–î–∞","-- / 1","","–î–∞","-- / 1","","–ù–µ—Ç","-- / 1","","–î–∞","-- / 1","","–°–∫–æ—Ä–µ–µ –Ω–µ —É—Å—Ç—Ä–∞–∏–≤–∞–µ—Ç","-- / 1","","–î–∞","-- / 1",""
"2021/11/09 7:06:23 PM GMT+6","9.00 / 30","3","1.00 / 1","","–°—É–¥–µ–±–Ω–∞—è;–ö–æ–Ω—Å—Ç–∏—Ç—É—Ü–∏–æ–Ω–Ω–∞—è;–ó–∞–∫–æ–Ω–æ–¥–∞—Ç–µ–ª—å–Ω–∞—è","0.00 / 1","","5 ","1.00 / 1","","–°–µ–Ω–∞—Ç;–ú–∞–∂–∏–ª–∏—Å","1.00 / 1","","–ê—Å–∫–∞—Ä –ú–∞–º–∏–Ω","1.00 / 1","","–ø–ª–∞–Ω–æ–≤–∞—è —ç–∫–æ–Ω–æ–º–∏–∫–∞","0.00 / 1","","–î–∞","1.00 / 1","","2","1.00 / 1","","–ì–µ—Ä–±;–§–ª–∞–≥;–ì–∏–º–Ω","1.00 / 1","","–î–∞","1.00 / 1","","–û—Ç—Ä–µ—à–µ–Ω–∏–µ , –æ—Å–≤–æ–±–æ–∂–¥–µ–Ω–∏–µ","0.00 / 1","","–î–∞","1.00 / 1","","2,8","-- / 1","","–ú","-- / 1","","20","-- / 1","","–í –≥–æ—Ä–æ–¥–µ","-- / 0","","–ö–∞–∑–∞—Ö—Å–∫–∏–π","-- / 0","","–ì–æ—Å—É–¥–∞—Ä—Å—Ç–≤–µ–Ω–Ω–∞—è","-- / 1","","–ì–∏–º–Ω–∞–∑–∏—è/–ª–∏—Ü–µ–π","-- / 0","","A2","-- / 0","","–û—Ç–ª–∏—á–Ω–∏–∫","-- / 0","","–ù–µ—Ç","-- / 0","","–î–∞","-- / 0","","–ù–µ—Ç","-- / 1","","–ù–µ—Ç","-- / 1","","–î–∞","-- / 1","","500 000 –∏ –±–æ–ª—å—à–µ","-- / 1","","–î–∞","-- / 1","","–ü–∞–±–ª–∏–∫–∏ –≤ —Å–æ—Ü —Å–µ—Ç—è—Ö","-- / 1","","–ù–µ—Ç","-- / 1","","–ù–µ—Ç","-- / 1","","–î–∞","-- / 1","","–î–∞","-- / 1","","–î–∞","-- / 1","","–ù–µ—Ç","-- / 1","","–°–∫–æ—Ä–µ–µ —É—Å—Ç—Ä–∞–∏–≤–∞–µ—Ç","-- / 1","","–î–∞","-- / 1",""
"2021/11/09 7:40:53 PM GMT+6","7.00 / 30","3","1.00 / 1","","–°—É–¥–µ–±–Ω–∞—è;–ó–∞–∫–æ–Ω–æ–¥–∞—Ç–µ–ª—å–Ω–∞—è;–ò—Å–ø–æ–ª–Ω–∏—Ç–µ–ª—å–Ω–∞—è","1.00 / 1","","4","0.00 / 1","","–í–µ—Ä—Ö–Ω—è—è –ø–∞–ª–∞—Ç–∞;–ü–∞–ª–∞—Ç–∞ –æ–±—â–∏–Ω;–ù–∏–∂–Ω—è—è –ø–∞–ª–∞—Ç–∞","0.00 / 1","","–ê—Å—Ö–∞—Ç –ê–π–º–∞–≥–∞–º–±–µ—Ç–æ–≤","0.00 / 1","","–ø–ª–∞–Ω–æ–≤–∞—è —ç–∫–æ–Ω–æ–º–∏–∫–∞","0.00 / 1","","–î–∞","1.00 / 1","","2","1.00 / 1","","–ì–µ—Ä–±;–§–ª–∞–≥;–ì–∏–º–Ω","1.00 / 1","","–î–∞","1.00 / 1","","–ò–º–ø–∏—á–º–µ–Ω—Ç ","1.00 / 1","","–ù–µ—Ç","0.00 / 1","","3.84","-- / 1","","–ñ","-- / 1","","19","-- / 1","","–í –≥–æ—Ä–æ–¥–µ","-- / 0","","–†—É—Å—Å–∫–∏–π","-- / 0","","–ß–∞—Å—Ç–Ω–∞—è","-- / 1","","–ì–∏–º–Ω–∞–∑–∏—è/–ª–∏—Ü–µ–π","-- / 0","","C1-C2","-- / 0","","–£–¥–∞—Ä–Ω–∏–∫","-- / 0","","–ù–µ—Ç","-- / 0","","–ù–µ—Ç","-- / 0","","–î–∞","-- / 1","","–ù–µ—Ç","-- / 1","","–î–∞","-- / 1","","200 000 - 300 000","-- / 1","","–î–∞","-- / 1","","–ü–∞–±–ª–∏–∫–∏ –≤ —Å–æ—Ü —Å–µ—Ç—è—Ö","-- / 1","","–ù–µ—Ç","-- / 1","","–ù–µ—Ç","-- / 1","","–î–∞","-- / 1","","–ù–µ—Ç","-- / 1","","–ù–µ—Ç","-- / 1","","–î–∞","-- / 1","","–°–∫–æ—Ä–µ–µ –Ω–µ —É—Å—Ç—Ä–∞–∏–≤–∞–µ—Ç","-- / 1","","–î–∞","-- / 1",""
"2021/11/09 7:44:46 PM GMT+6","0.00 / 30","4","0.00 / 1","","–°—É–¥–µ–±–Ω–∞—è;–ö–æ–Ω—Å—Ç–∏—Ç—É—Ü–∏–æ–Ω–Ω–∞—è;–ó–∞–∫–æ–Ω–æ–¥–∞—Ç–µ–ª—å–Ω–∞—è;–ò—Å–ø–æ–ª–Ω–∏—Ç–µ–ª—å–Ω–∞—è","0.00 / 1","","50","0.00 / 1","","–í–µ—Ä—Ö–Ω—è—è –ø–∞–ª–∞—Ç–∞;–ù–∏–∂–Ω—è—è –ø–∞–ª–∞—Ç–∞;–ü–∞–ª–∞—Ç–∞ –ø—Ä–µ–¥—Å—Ç–∞–≤–∏—Ç–µ–ª–µ–π","0.00 / 1","","–ê—Å—Ö–∞—Ç –ê–π–º–∞–≥–∞–º–±–µ—Ç–æ–≤","0.00 / 1","","–ø–ª–∞–Ω–æ–≤–∞—è —ç–∫–æ–Ω–æ–º–∏–∫–∞","0.00 / 1","","–ù–µ—Ç","0.00 / 1","","4","0.00 / 1","","–ö–æ–Ω—Å—Ç–∏—Ç—É—Ü–∏—è;–ì–µ—Ä–±;–ó–∞–∫–æ–Ω;–§–ª–∞–≥;–ì–∏–º–Ω","0.00 / 1","","–ù–µ—Ç","0.00 / 1","","–ó–∞–¥–æ–ª–∂–∞–ª ","0.00 / 1","","–ù–µ—Ç","0.00 / 1","","2.4","-- / 1","","–ú","-- / 1","","20","-- / 1","","–í –≥–æ—Ä–æ–¥–µ","-- / 0","","–†—É—Å—Å–∫–∏–π","-- / 0","","–ì–æ—Å—É–¥–∞—Ä—Å—Ç–≤–µ–Ω–Ω–∞—è","-- / 1","","–ì–∏–º–Ω–∞–∑–∏—è/–ª–∏—Ü–µ–π","-- / 0","","B1","-- / 0","","–¢—Ä–æ–µ—á–Ω–∏–∫","-- / 0","","–î–∞","-- / 0","","–î–∞","-- / 0","","–ù–µ—Ç","-- / 1","","–ù–µ—Ç","-- / 1","","–î–∞","-- / 1","","400 000 - 500 000","-- / 1","","–î–∞","-- / 1","","–ù–æ–≤–æ—Å—Ç–Ω—ã–µ –ø–æ—Ä—Ç–∞–ª—ã –≤ –∏–Ω—Ç–µ—Ä–Ω–µ—Ç–µ","-- / 1","","–ù–µ—Ç","-- / 1","","–ù–µ—Ç","-- / 1","","–î–∞","-- / 1","","–ù–µ—Ç","-- / 1","","–ù–µ—Ç","-- / 1","","–î–∞","-- / 1","","–ù–µ—Ç, –Ω–µ —É—Å—Ç—Ä–∞–∏–≤–∞–µ—Ç","-- / 1","","–î–∞","-- / 1",""
"2021/11/09 8:11:52 PM GMT+6","8.00 / 30","3","1.00 / 1","","–°—É–¥–µ–±–Ω–∞—è;–ó–∞–∫–æ–Ω–æ–¥–∞—Ç–µ–ª—å–Ω–∞—è;–ò—Å–ø–æ–ª–Ω–∏—Ç–µ–ª—å–Ω–∞—è","1.00 / 1","","4","0.00 / 1","","–í–µ—Ä—Ö–Ω—è—è –ø–∞–ª–∞—Ç–∞;–°–µ–Ω–∞—Ç;–ö–æ–Ω–≥—Ä–µ—Å—Å;–ù–∏–∂–Ω—è—è –ø–∞–ª–∞—Ç–∞;–ú–∞–∂–∏–ª–∏—Å","0.00 / 1","","–ê—Å–∫–∞—Ä –ú–∞–º–∏–Ω","1.00 / 1","","–ø–ª–∞–Ω–æ–≤–∞—è —ç–∫–æ–Ω–æ–º–∏–∫–∞","0.00 / 1","","–î–∞","1.00 / 1","","2","1.00 / 1","","–ì–µ—Ä–±;–§–ª–∞–≥;–ì–∏–º–Ω","1.00 / 1","","–î–∞","1.00 / 1","","–ò–º–ø–∏—á–º–µ–Ω—Ç","1.00 / 1","","–ù–µ—Ç","0.00 / 1","","2.2","-- / 1","","–ú","-- / 1","","19","-- / 1","","–í –≥–æ—Ä–æ–¥–µ","-- / 0","","–ö–∞–∑–∞—Ö—Å–∫–∏–π","-- / 0","","–ì–æ—Å—É–¥–∞—Ä—Å—Ç–≤–µ–Ω–Ω–∞—è","-- / 1","","–ù–ò–®/–ö–¢–õ/–†–§–ú–®","-- / 0","","A0-A1","-- / 0","","–£–¥–∞—Ä–Ω–∏–∫","-- / 0","","–î–∞","-- / 0","","–ù–µ—Ç","-- / 0","","–ù–µ—Ç","-- / 1","","–î–∞","-- / 1","","–ù–µ—Ç","-- / 1","","300 000 - 400 000","-- / 1","","–î–∞","-- / 1","","–ù–æ–≤–æ—Å—Ç–Ω—ã–µ –ø–æ—Ä—Ç–∞–ª—ã –≤ –∏–Ω—Ç–µ—Ä–Ω–µ—Ç–µ","-- / 1","","–ù–µ—Ç","-- / 1","","–ù–µ—Ç","-- / 1","","–î–∞","-- / 1","","–ù–µ—Ç","-- / 1","","–î–∞","-- / 1","","–î–∞","-- / 1","","–°–∫–æ—Ä–µ–µ —É—Å—Ç—Ä–∞–∏–≤–∞–µ—Ç","-- / 1","","–î–∞","-- / 1",""
"2021/11/09 8:17:34 PM GMT+6","8.00 / 30","3","1.00 / 1","","–°—É–¥–µ–±–Ω–∞—è;–ó–∞–∫–æ–Ω–æ–¥–∞—Ç–µ–ª—å–Ω–∞—è;–ò—Å–ø–æ–ª–Ω–∏—Ç–µ–ª—å–Ω–∞—è","1.00 / 1","","7","0.00 / 1","","–°–µ–Ω–∞—Ç;–ú–∞–∂–∏–ª–∏—Å","1.00 / 1","","–ê—Å–∫–∞—Ä –ú–∞–º–∏–Ω","1.00 / 1","","–ø–ª–∞–Ω–æ–≤–∞—è —ç–∫–æ–Ω–æ–º–∏–∫–∞","0.00 / 1","","–î–∞","1.00 / 1","","2","1.00 / 1","","–ì–µ—Ä–±;–§–ª–∞–≥;–ì–∏–º–Ω","1.00 / 1","","–ù–µ—Ç","0.00 / 1","","–æ—Ç—Å—Ç–∞–≤–∫–∞","0.00 / 1","","–î–∞","1.00 / 1","","2.67","-- / 1","","–ú","-- / 1","","20","-- / 1","","–í –≥–æ—Ä–æ–¥–µ","-- / 0","","–†—É—Å—Å–∫–∏–π","-- / 0","","–ì–æ—Å—É–¥–∞—Ä—Å—Ç–≤–µ–Ω–Ω–∞—è","-- / 1","","–ù–ò–®/–ö–¢–õ/–†–§–ú–®","-- / 0","","B1","-- / 0","","–£–¥–∞—Ä–Ω–∏–∫","-- / 0","","–î–∞","-- / 0","","–ù–µ—Ç","-- / 0","","–ù–µ—Ç","-- / 1","","–î–∞","-- / 1","","–î–∞","-- / 1","","100 000 - 200 000","-- / 1","","–î–∞","-- / 1","","–ë–ª–æ–≥–≥–µ—Ä—ã","-- / 1","","–ù–µ—Ç","-- / 1","","–ù–µ—Ç","-- / 1","","–ù–µ—Ç","-- / 1","","–ù–µ—Ç","-- / 1","","–ù–µ—Ç","-- / 1","","–î–∞","-- / 1","","–°–∫–æ—Ä–µ–µ –Ω–µ —É—Å—Ç—Ä–∞–∏–≤–∞–µ—Ç","-- / 1","","–î–∞","-- / 1",""
"2021/11/09 8:51:39 PM GMT+6","8.00 / 30","3","1.00 / 1","","–°—É–¥–µ–±–Ω–∞—è;–ó–∞–∫–æ–Ω–æ–¥–∞—Ç–µ–ª—å–Ω–∞—è;–ò—Å–ø–æ–ª–Ω–∏—Ç–µ–ª—å–Ω–∞—è","1.00 / 1","","4","0.00 / 1","","–°–µ–Ω–∞—Ç;–ú–∞–∂–∏–ª–∏—Å","1.00 / 1","","–ê—Å—Ö–∞—Ç –ê–π–º–∞–≥–∞–º–±–µ—Ç–æ–≤","0.00 / 1","","—Ç—Ä–∞–¥–∏—Ü–∏–æ–Ω–Ω–∞—è —ç–∫–æ–Ω–æ–º–∏–∫–∞","0.00 / 1","","–î–∞","1.00 / 1","","2","1.00 / 1","","–ì–µ—Ä–±;–§–ª–∞–≥;–ì–∏–º–Ω","1.00 / 1","","–î–∞","1.00 / 1","","–û—Ç—Å—Ç–∞–≤–∫–∞","0.00 / 1","","–î–∞","1.00 / 1","","2.55","-- / 1","","–ñ","-- / 1","","21","-- / 1","","–í –≥–æ—Ä–æ–¥–µ","-- / 0","","–†—É—Å—Å–∫–∏–π","-- / 0","","–ì–æ—Å—É–¥–∞—Ä—Å—Ç–≤–µ–Ω–Ω–∞—è","-- / 1","","–ì–∏–º–Ω–∞–∑–∏—è/–ª–∏—Ü–µ–π","-- / 0","","B2","-- / 0","","–£–¥–∞—Ä–Ω–∏–∫","-- / 0","","–ù–µ—Ç","-- / 0","","–ù–µ—Ç","-- / 0","","–ù–µ—Ç","-- / 1","","–ù–µ—Ç","-- / 1","","–î–∞","-- / 1","","400 000 - 500 000","-- / 1","","–ù–µ—Ç","-- / 1","","–ù–æ–≤–æ—Å—Ç–Ω—ã–µ –ø–æ—Ä—Ç–∞–ª—ã –≤ –∏–Ω—Ç–µ—Ä–Ω–µ—Ç–µ","-- / 1","","–ù–µ—Ç","-- / 1","","–ù–µ—Ç","-- / 1","","–î–∞","-- / 1","","–ù–µ—Ç","-- / 1","","–ù–µ—Ç","-- / 1","","–î–∞","-- / 1","","–ó–∞—Ç—Ä—É–¥–Ω—è—é—Å—å –æ—Ç–≤–µ—Ç–∏—Ç—å","-- / 1","","–î–∞","-- / 1",""